Year,ID,Num_Vehicles,Type,Fuel,Distance_bucket,Distance_per_vehicle(km)
2023,BEV_S1_2023,3,Buy,,,0.0
2023,Diesel_S1_2023,36,Buy,,,0.0
2023,LNG_S1_2023,34,Buy,,,0.0
2023,BEV_S2_2023,4,Buy,,,0.0
2023,Diesel_S2_2023,15,Buy,,,0.0
2023,LNG_S2_2023,15,Buy,,,0.0
2023,BEV_S4_2023,1,Buy,,,0.0
2023,Diesel_S4_2023,6,Buy,,,0.0
2023,LNG_S4_2023,4,Buy,,,0.0
2023,BEV_S3_2023,10,Buy,,,0.0
2023,Diesel_S3_2023,36,Buy,,,0.0
2023,LNG_S3_2023,35,Buy,,,0.0
2023,BEV_S1_2023,3,Use,Electricity,D1,102000.0
2023,Diesel_S1_2023,3,Use,B20,D1,102000.0
2023,LNG_S1_2023,3,Use,LNG,D1,102000.0
2023,Diesel_S1_2023,13,Use,B20,D2,102000.0
2023,LNG_S1_2023,13,Use,BioLNG,D2,102000.0
2023,Diesel_S1_2023,17,Use,B20,D3,102000.0
2023,LNG_S1_2023,16,Use,BioLNG,D3,102000.0
2023,Diesel_S1_2023,3,Use,HVO,D4,102000.0
2023,LNG_S1_2023,2,Use,LNG,D4,102000.0
2023,BEV_S2_2023,4,Use,Electricity,D1,106000.0
2023,Diesel_S2_2023,3,Use,B20,D1,106000.0
2023,LNG_S2_2023,3,Use,LNG,D1,106000.0
2023,Diesel_S2_2023,7,Use,HVO,D2,106000.0
2023,LNG_S2_2023,7,Use,LNG,D2,106000.0
2023,Diesel_S2_2023,4,Use,HVO,D3,106000.0
2023,LNG_S2_2023,4,Use,BioLNG,D3,106000.0
2023,Diesel_S2_2023,1,Use,B20,D4,106000.0
2023,LNG_S2_2023,1,Use,BioLNG,D4,106000.0
2023,BEV_S4_2023,1,Use,Electricity,D1,118000.0
2023,Diesel_S4_2023,4,Use,B20,D2,118000.0
2023,LNG_S4_2023,3,Use,LNG,D2,118000.0
2023,Diesel_S4_2023,1,Use,B20,D3,118000.0
2023,LNG_S4_2023,1,Use,BioLNG,D3,118000.0
2023,Diesel_S4_2023,1,Use,HVO,D4,118000.0
2023,BEV_S3_2023,10,Use,Electricity,D1,73000.0
2023,Diesel_S3_2023,10,Use,HVO,D1,73000.0
2023,LNG_S3_2023,10,Use,BioLNG,D1,73000.0
2023,Diesel_S3_2023,17,Use,B20,D2,73000.0
2023,LNG_S3_2023,17,Use,LNG,D2,73000.0
2023,Diesel_S3_2023,7,Use,HVO,D3,73000.0
2023,LNG_S3_2023,7,Use,BioLNG,D3,73000.0
2023,Diesel_S3_2023,2,Use,HVO,D4,73000.0
2023,LNG_S3_2023,1,Use,LNG,D4,73000.0
2023,BEV_S1_2023,1,Sell,,,0.0
2023,Diesel_S1_2023,6,Sell,,,0.0
2023,LNG_S1_2023,6,Sell,,,0.0
2023,BEV_S2_2023,1,Sell,,,0.0
2023,Diesel_S2_2023,1,Sell,,,0.0
2023,LNG_S2_2023,3,Sell,,,0.0
2023,LNG_S4_2023,1,Sell,,,0.0
2023,LNG_S3_2023,7,Sell,,,0.0
2023,BEV_S3_2023,2,Sell,,,0.0
2023,Diesel_S3_2023,5,Sell,,,0.0
2024,LNG_S1_2024,14,Buy,,,0.0
2024,LNG_S2_2024,5,Buy,,,0.0
2024,LNG_S4_2024,1,Buy,,,0.0
2024,LNG_S3_2024,16,Buy,,,0.0
2024,Diesel_S1_2023,3,Use,B20,D1,102000.0
2024,LNG_S1_2023,3,Use,LNG,D1,102000.0
2024,BEV_S1_2023,2,Use,Electricity,D1,102000.0
2024,LNG_S1_2024,1,Use,BioLNG,D1,102000.0
2024,Diesel_S1_2023,10,Use,B20,D2,102000.0
2024,LNG_S1_2023,11,Use,BioLNG,D2,102000.0
2024,LNG_S1_2024,6,Use,LNG,D2,102000.0
2024,Diesel_S1_2023,15,Use,HVO,D3,102000.0
2024,LNG_S1_2023,12,Use,LNG,D3,102000.0
2024,LNG_S1_2024,6,Use,LNG,D3,102000.0
2024,Diesel_S1_2023,2,Use,B20,D4,102000.0
2024,LNG_S1_2023,2,Use,LNG,D4,102000.0
2024,LNG_S1_2024,1,Use,BioLNG,D4,102000.0
2024,LNG_S2_2023,3,Use,BioLNG,D1,106000.0
2024,BEV_S2_2023,3,Use,Electricity,D1,106000.0
2024,Diesel_S2_2023,2,Use,HVO,D1,106000.0
2024,LNG_S2_2024,2,Use,LNG,D1,106000.0
2024,Diesel_S2_2023,7,Use,B20,D2,106000.0
2024,LNG_S2_2023,5,Use,LNG,D2,106000.0
2024,LNG_S2_2024,2,Use,LNG,D2,106000.0
2024,LNG_S2_2023,3,Use,LNG,D3,106000.0
2024,Diesel_S2_2023,4,Use,B20,D3,106000.0
2024,LNG_S2_2024,1,Use,BioLNG,D3,106000.0
2024,Diesel_S2_2023,1,Use,B20,D4,106000.0
2024,LNG_S2_2023,1,Use,BioLNG,D4,106000.0
2024,BEV_S4_2023,1,Use,Electricity,D1,118000.0
2024,Diesel_S4_2023,4,Use,B20,D2,118000.0
2024,LNG_S4_2023,2,Use,BioLNG,D2,118000.0
2024,LNG_S4_2024,1,Use,BioLNG,D2,118000.0
2024,LNG_S4_2023,1,Use,BioLNG,D3,118000.0
2024,Diesel_S4_2023,1,Use,B20,D3,118000.0
2024,Diesel_S4_2023,1,Use,B20,D4,118000.0
2024,BEV_S3_2023,8,Use,Electricity,D1,73000.0
2024,Diesel_S3_2023,9,Use,HVO,D1,73000.0
2024,LNG_S3_2023,7,Use,BioLNG,D1,73000.0
2024,LNG_S3_2024,7,Use,LNG,D1,73000.0
2024,LNG_S3_2023,13,Use,BioLNG,D2,73000.0
2024,Diesel_S3_2023,15,Use,B20,D2,73000.0
2024,LNG_S3_2024,6,Use,LNG,D2,73000.0
2024,LNG_S3_2023,7,Use,LNG,D3,73000.0
2024,Diesel_S3_2023,5,Use,HVO,D3,73000.0
2024,LNG_S3_2024,3,Use,BioLNG,D3,73000.0
2024,Diesel_S3_2023,2,Use,B20,D4,73000.0
2024,LNG_S3_2023,1,Use,BioLNG,D4,73000.0
2024,Diesel_S1_2023,6,Sell,,,0.0
2024,LNG_S1_2023,4,Sell,,,0.0
2024,LNG_S1_2024,3,Sell,,,0.0
2024,LNG_S2_2024,1,Sell,,,0.0
2024,BEV_S2_2023,1,Sell,,,0.0
2024,Diesel_S2_2023,3,Sell,,,0.0
2024,Diesel_S4_2023,1,Sell,,,0.0
2024,Diesel_S3_2023,7,Sell,,,0.0
2024,BEV_S3_2023,2,Sell,,,0.0
2024,LNG_S3_2024,3,Sell,,,0.0
2024,LNG_S3_2023,3,Sell,,,0.0
2025,LNG_S1_2025,15,Buy,,,0.0
2025,LNG_S2_2025,6,Buy,,,0.0
2025,LNG_S4_2025,1,Buy,,,0.0
2025,LNG_S3_2025,16,Buy,,,0.0
2025,BEV_S1_2023,2,Use,Electricity,D1,102000.0
2025,Diesel_S1_2023,2,Use,HVO,D1,102000.0
2025,LNG_S1_2023,3,Use,BioLNG,D1,102000.0
2025,LNG_S1_2024,1,Use,BioLNG,D1,102000.0
2025,LNG_S1_2025,1,Use,BioLNG,D1,102000.0
2025,LNG_S1_2023,9,Use,BioLNG,D2,102000.0
2025,Diesel_S1_2023,10,Use,HVO,D2,102000.0
2025,LNG_S1_2024,3,Use,BioLNG,D2,102000.0
2025,LNG_S1_2025,6,Use,BioLNG,D2,102000.0
2025,Diesel_S1_2023,11,Use,HVO,D3,102000.0
2025,LNG_S1_2024,6,Use,LNG,D3,102000.0
2025,LNG_S1_2023,10,Use,LNG,D3,102000.0
2025,LNG_S1_2025,7,Use,BioLNG,D3,102000.0
2025,LNG_S1_2023,2,Use,BioLNG,D4,102000.0
2025,LNG_S1_2024,1,Use,LNG,D4,102000.0
2025,Diesel_S1_2023,1,Use,HVO,D4,102000.0
2025,LNG_S1_2025,1,Use,LNG,D4,102000.0
2025,LNG_S2_2024,1,Use,LNG,D1,106000.0
2025,Diesel_S2_2023,2,Use,HVO,D1,106000.0
2025,LNG_S2_2023,3,Use,LNG,D1,106000.0
2025,BEV_S2_2023,2,Use,Electricity,D1,106000.0
2025,LNG_S2_2025,3,Use,BioLNG,D1,106000.0
2025,LNG_S2_2024,2,Use,LNG,D2,106000.0
2025,LNG_S2_2023,5,Use,BioLNG,D2,106000.0
2025,Diesel_S2_2023,5,Use,HVO,D2,106000.0
2025,LNG_S2_2025,2,Use,LNG,D2,106000.0
2025,LNG_S2_2024,1,Use,LNG,D3,106000.0
2025,LNG_S2_2023,3,Use,LNG,D3,106000.0
2025,Diesel_S2_2023,3,Use,HVO,D3,106000.0
2025,LNG_S2_2025,1,Use,LNG,D3,106000.0
2025,LNG_S2_2023,1,Use,LNG,D4,106000.0
2025,Diesel_S2_2023,1,Use,HVO,D4,106000.0
2025,BEV_S4_2023,1,Use,Electricity,D1,118000.0
2025,Diesel_S4_2023,3,Use,HVO,D2,118000.0
2025,LNG_S4_2024,1,Use,BioLNG,D2,118000.0
2025,LNG_S4_2023,2,Use,LNG,D2,118000.0
2025,LNG_S4_2025,1,Use,BioLNG,D2,118000.0
2025,LNG_S4_2023,1,Use,LNG,D3,118000.0
2025,Diesel_S4_2023,1,Use,HVO,D3,118000.0
2025,Diesel_S4_2023,1,Use,HVO,D4,118000.0
2025,LNG_S3_2024,6,Use,LNG,D1,73000.0
2025,BEV_S3_2023,6,Use,Electricity,D1,73000.0
2025,Diesel_S3_2023,6,Use,HVO,D1,73000.0
2025,LNG_S3_2023,7,Use,LNG,D1,73000.0
2025,LNG_S3_2025,6,Use,LNG,D1,73000.0
2025,LNG_S3_2024,5,Use,BioLNG,D2,73000.0
2025,LNG_S3_2023,12,Use,LNG,D2,73000.0
2025,Diesel_S3_2023,11,Use,HVO,D2,73000.0
2025,LNG_S3_2025,7,Use,LNG,D2,73000.0
2025,LNG_S3_2024,2,Use,LNG,D3,73000.0
2025,LNG_S3_2023,5,Use,BioLNG,D3,73000.0
2025,Diesel_S3_2023,5,Use,HVO,D3,73000.0
2025,LNG_S3_2025,3,Use,LNG,D3,73000.0
2025,LNG_S3_2023,1,Use,LNG,D4,73000.0
2025,Diesel_S3_2023,2,Use,HVO,D4,73000.0
2025,LNG_S1_2024,3,Sell,,,0.0
2025,Diesel_S1_2023,3,Sell,,,0.0
2025,LNG_S1_2023,6,Sell,,,0.0
2025,LNG_S1_2025,1,Sell,,,0.0
2025,LNG_S2_2025,3,Sell,,,0.0
2025,Diesel_S2_2023,1,Sell,,,0.0
2025,LNG_S2_2023,1,Sell,,,0.0
2025,LNG_S4_2023,1,Sell,,,0.0
2025,LNG_S3_2025,3,Sell,,,0.0
2025,BEV_S3_2023,2,Sell,,,0.0
2025,LNG_S3_2023,5,Sell,,,0.0
2025,Diesel_S3_2023,4,Sell,,,0.0
2025,LNG_S3_2024,2,Sell,,,0.0
2026,LNG_S1_2026,15,Buy,,,0.0
2026,LNG_S2_2026,5,Buy,,,0.0
2026,LNG_S4_2026,1,Buy,,,0.0
2026,LNG_S3_2026,19,Buy,,,0.0
2026,LNG_S1_2023,3,Use,BioLNG,D1,102000.0
2026,BEV_S1_2023,2,Use,Electricity,D1,102000.0
2026,Diesel_S1_2023,2,Use,HVO,D1,102000.0
2026,LNG_S1_2025,1,Use,BioLNG,D1,102000.0
2026,LNG_S1_2026,1,Use,LNG,D1,102000.0
2026,LNG_S1_2025,6,Use,LNG,D2,102000.0
2026,LNG_S1_2023,6,Use,LNG,D2,102000.0
2026,Diesel_S1_2023,8,Use,HVO,D2,102000.0
2026,LNG_S1_2024,3,Use,LNG,D2,102000.0
2026,LNG_S1_2026,6,Use,BioLNG,D2,102000.0
2026,Diesel_S1_2023,10,Use,HVO,D3,102000.0
2026,LNG_S1_2025,6,Use,LNG,D3,102000.0
2026,LNG_S1_2024,5,Use,LNG,D3,102000.0
2026,LNG_S1_2023,7,Use,LNG,D3,102000.0
2026,LNG_S1_2026,7,Use,BioLNG,D3,102000.0
2026,Diesel_S1_2023,1,Use,HVO,D4,102000.0
2026,LNG_S1_2023,2,Use,LNG,D4,102000.0
2026,LNG_S1_2025,1,Use,LNG,D4,102000.0
2026,LNG_S1_2026,1,Use,BioLNG,D4,102000.0
2026,BEV_S2_2023,2,Use,Electricity,D1,106000.0
2026,Diesel_S2_2023,1,Use,HVO,D1,106000.0
2026,LNG_S2_2024,1,Use,BioLNG,D1,106000.0
2026,LNG_S2_2023,3,Use,LNG,D1,106000.0
2026,LNG_S2_2025,2,Use,LNG,D1,106000.0
2026,LNG_S2_2026,2,Use,LNG,D1,106000.0
2026,Diesel_S2_2023,5,Use,HVO,D2,106000.0
2026,LNG_S2_2023,5,Use,LNG,D2,106000.0
2026,LNG_S2_2024,2,Use,BioLNG,D2,106000.0
2026,LNG_S2_2026,2,Use,LNG,D2,106000.0
2026,LNG_S2_2023,2,Use,BioLNG,D3,106000.0
2026,Diesel_S2_2023,3,Use,HVO,D3,106000.0
2026,LNG_S2_2024,1,Use,BioLNG,D3,106000.0
2026,LNG_S2_2025,1,Use,BioLNG,D3,106000.0
2026,LNG_S2_2026,1,Use,BioLNG,D3,106000.0
2026,LNG_S2_2023,1,Use,BioLNG,D4,106000.0
2026,Diesel_S2_2023,1,Use,HVO,D4,106000.0
2026,BEV_S4_2023,1,Use,Electricity,D1,118000.0
2026,Diesel_S4_2023,3,Use,HVO,D2,118000.0
2026,LNG_S4_2025,1,Use,BioLNG,D2,118000.0
2026,LNG_S4_2024,1,Use,LNG,D2,118000.0
2026,LNG_S4_2023,1,Use,LNG,D2,118000.0
2026,LNG_S4_2026,1,Use,LNG,D2,118000.0
2026,LNG_S4_2023,1,Use,LNG,D3,118000.0
2026,Diesel_S4_2023,1,Use,HVO,D3,118000.0
2026,Diesel_S4_2023,1,Use,HVO,D4,118000.0
2026,LNG_S3_2024,6,Use,BioLNG,D1,73000.0
2026,BEV_S3_2023,4,Use,Electricity,D1,73000.0
2026,LNG_S3_2025,3,Use,BioLNG,D1,73000.0
2026,Diesel_S3_2023,6,Use,HVO,D1,73000.0
2026,LNG_S3_2023,6,Use,LNG,D1,73000.0
2026,LNG_S3_2026,7,Use,LNG,D1,73000.0
2026,LNG_S3_2025,7,Use,BioLNG,D2,73000.0
2026,LNG_S3_2024,4,Use,BioLNG,D2,73000.0
2026,Diesel_S3_2023,9,Use,HVO,D2,73000.0
2026,LNG_S3_2023,8,Use,BioLNG,D2,73000.0
2026,LNG_S3_2026,7,Use,BioLNG,D2,73000.0
2026,LNG_S3_2023,5,Use,BioLNG,D3,73000.0
2026,Diesel_S3_2023,3,Use,HVO,D3,73000.0
2026,LNG_S3_2025,3,Use,LNG,D3,73000.0
2026,LNG_S3_2024,1,Use,LNG,D3,73000.0
2026,LNG_S3_2026,4,Use,BioLNG,D3,73000.0
2026,Diesel_S3_2023,2,Use,HVO,D4,73000.0
2026,LNG_S3_2023,1,Use,LNG,D4,73000.0
2026,LNG_S3_2026,1,Use,BioLNG,D4,73000.0
2026,LNG_S1_2023,4,Sell,,,0.0
2026,LNG_S1_2025,4,Sell,,,0.0
2026,Diesel_S1_2023,3,Sell,,,0.0
2026,LNG_S1_2026,2,Sell,,,0.0
2026,LNG_S1_2024,1,Sell,,,0.0
2026,LNG_S2_2025,2,Sell,,,0.0
2026,LNG_S2_2023,3,Sell,,,0.0
2026,Diesel_S4_2023,1,Sell,,,0.0
2026,LNG_S3_2026,6,Sell,,,0.0
2026,Diesel_S3_2023,4,Sell,,,0.0
2026,LNG_S3_2023,5,Sell,,,0.0
2026,LNG_S3_2024,1,Sell,,,0.0
2027,LNG_S1_2027,17,Buy,,,0.0
2027,LNG_S2_2027,6,Buy,,,0.0
2027,LNG_S4_2027,2,Buy,,,0.0
2027,LNG_S3_2027,18,Buy,,,0.0
2027,BEV_S1_2023,2,Use,Electricity,D1,102000.0
2027,LNG_S1_2023,2,Use,BioLNG,D1,102000.0
2027,LNG_S1_2026,1,Use,BioLNG,D1,102000.0
2027,Diesel_S1_2023,2,Use,HVO,D1,102000.0
2027,LNG_S1_2025,1,Use,LNG,D1,102000.0
2027,LNG_S1_2027,2,Use,BioLNG,D1,102000.0
2027,LNG_S1_2026,5,Use,BioLNG,D2,102000.0
2027,LNG_S1_2024,3,Use,LNG,D2,102000.0
2027,Diesel_S1_2023,7,Use,HVO,D2,102000.0
2027,LNG_S1_2025,4,Use,BioLNG,D2,102000.0
2027,LNG_S1_2023,5,Use,LNG,D2,102000.0
2027,LNG_S1_2027,6,Use,LNG,D2,102000.0
2027,LNG_S1_2024,4,Use,BioLNG,D3,102000.0
2027,LNG_S1_2023,6,Use,LNG,D3,102000.0
2027,LNG_S1_2026,6,Use,LNG,D3,102000.0
2027,Diesel_S1_2023,8,Use,HVO,D3,102000.0
2027,LNG_S1_2025,4,Use,LNG,D3,102000.0
2027,LNG_S1_2027,8,Use,BioLNG,D3,102000.0
2027,Diesel_S1_2023,1,Use,HVO,D4,102000.0
2027,LNG_S1_2026,1,Use,BioLNG,D4,102000.0
2027,LNG_S1_2025,1,Use,LNG,D4,102000.0
2027,LNG_S1_2023,1,Use,LNG,D4,102000.0
2027,LNG_S1_2027,1,Use,BioLNG,D4,102000.0
2027,LNG_S2_2023,3,Use,BioLNG,D1,106000.0
2027,LNG_S2_2026,2,Use,LNG,D1,106000.0
2027,BEV_S2_2023,2,Use,Electricity,D1,106000.0
2027,LNG_S2_2024,1,Use,LNG,D1,106000.0
2027,Diesel_S2_2023,1,Use,HVO,D1,106000.0
2027,LNG_S2_2027,2,Use,LNG,D1,106000.0
2027,Diesel_S2_2023,5,Use,HVO,D2,106000.0
2027,LNG_S2_2026,2,Use,LNG,D2,106000.0
2027,LNG_S2_2023,3,Use,BioLNG,D2,106000.0
2027,LNG_S2_2024,2,Use,BioLNG,D2,106000.0
2027,LNG_S2_2027,2,Use,BioLNG,D2,106000.0
2027,Diesel_S2_2023,3,Use,HVO,D3,106000.0
2027,LNG_S2_2024,1,Use,BioLNG,D3,106000.0
2027,LNG_S2_2023,1,Use,LNG,D3,106000.0
2027,LNG_S2_2026,1,Use,BioLNG,D3,106000.0
2027,LNG_S2_2025,1,Use,BioLNG,D3,106000.0
2027,LNG_S2_2027,2,Use,BioLNG,D3,106000.0
2027,LNG_S2_2023,1,Use,BioLNG,D4,106000.0
2027,Diesel_S2_2023,1,Use,HVO,D4,106000.0
2027,BEV_S4_2023,1,Use,Electricity,D1,118000.0
2027,Diesel_S4_2023,2,Use,HVO,D2,118000.0
2027,LNG_S4_2026,1,Use,LNG,D2,118000.0
2027,LNG_S4_2023,1,Use,BioLNG,D2,118000.0
2027,LNG_S4_2024,1,Use,LNG,D2,118000.0
2027,LNG_S4_2025,1,Use,LNG,D2,118000.0
2027,LNG_S4_2027,2,Use,BioLNG,D2,118000.0
2027,LNG_S4_2023,1,Use,BioLNG,D3,118000.0
2027,Diesel_S4_2023,1,Use,HVO,D3,118000.0
2027,Diesel_S4_2023,1,Use,HVO,D4,118000.0
2027,LNG_S3_2024,6,Use,BioLNG,D1,73000.0
2027,Diesel_S3_2023,4,Use,HVO,D1,73000.0
2027,LNG_S3_2025,3,Use,BioLNG,D1,73000.0
2027,BEV_S3_2023,4,Use,Electricity,D1,73000.0
2027,LNG_S3_2023,4,Use,BioLNG,D1,73000.0
2027,LNG_S3_2026,5,Use,LNG,D1,73000.0
2027,LNG_S3_2027,7,Use,BioLNG,D1,73000.0
2027,LNG_S3_2025,7,Use,BioLNG,D2,73000.0
2027,LNG_S3_2023,6,Use,LNG,D2,73000.0
2027,LNG_S3_2026,4,Use,BioLNG,D2,73000.0
2027,Diesel_S3_2023,8,Use,HVO,D2,73000.0
2027,LNG_S3_2024,3,Use,LNG,D2,73000.0
2027,LNG_S3_2027,8,Use,BioLNG,D2,73000.0
2027,LNG_S3_2023,4,Use,LNG,D3,73000.0
2027,LNG_S3_2026,3,Use,LNG,D3,73000.0
2027,LNG_S3_2025,3,Use,LNG,D3,73000.0
2027,Diesel_S3_2023,2,Use,HVO,D3,73000.0
2027,LNG_S3_2024,1,Use,LNG,D3,73000.0
2027,LNG_S3_2027,3,Use,BioLNG,D3,73000.0
2027,Diesel_S3_2023,2,Use,HVO,D4,73000.0
2027,LNG_S3_2026,1,Use,BioLNG,D4,73000.0
2027,LNG_S3_2023,1,Use,LNG,D4,73000.0
2027,LNG_S1_2023,4,Sell,,,0.0
2027,LNG_S1_2027,6,Sell,,,0.0
2027,LNG_S1_2026,3,Sell,,,0.0
2027,Diesel_S1_2023,2,Sell,,,0.0
2027,LNG_S1_2024,1,Sell,,,0.0
2027,LNG_S2_2023,2,Sell,,,0.0
2027,Diesel_S2_2023,1,Sell,,,0.0
2027,LNG_S2_2026,1,Sell,,,0.0
2027,LNG_S2_2024,1,Sell,,,0.0
2027,LNG_S4_2024,1,Sell,,,0.0
2027,LNG_S3_2024,1,Sell,,,0.0
2027,Diesel_S3_2023,4,Sell,,,0.0
2027,LNG_S3_2027,2,Sell,,,0.0
2027,LNG_S3_2025,3,Sell,,,0.0
2027,LNG_S3_2026,4,Sell,,,0.0
2027,LNG_S3_2023,2,Sell,,,0.0
2028,LNG_S1_2028,18,Buy,,,0.0
2028,LNG_S2_2028,6,Buy,,,0.0
2028,LNG_S4_2028,1,Buy,,,0.0
2028,LNG_S3_2028,18,Buy,,,0.0
2028,Diesel_S1_2023,2,Use,HVO,D1,102000.0
2028,LNG_S1_2025,1,Use,BioLNG,D1,102000.0
2028,LNG_S1_2023,1,Use,LNG,D1,102000.0
2028,LNG_S1_2027,1,Use,BioLNG,D1,102000.0
2028,LNG_S1_2026,1,Use,BioLNG,D1,102000.0
2028,BEV_S1_2023,2,Use,Electricity,D1,102000.0
2028,LNG_S1_2028,2,Use,LNG,D1,102000.0
2028,LNG_S1_2026,4,Use,LNG,D2,102000.0
2028,LNG_S1_2027,4,Use,LNG,D2,102000.0
2028,LNG_S1_2024,3,Use,LNG,D2,102000.0
2028,Diesel_S1_2023,5,Use,HVO,D2,102000.0
2028,LNG_S1_2025,4,Use,BioLNG,D2,102000.0
2028,LNG_S1_2023,4,Use,LNG,D2,102000.0
2028,LNG_S1_2028,7,Use,LNG,D2,102000.0
2028,LNG_S1_2023,5,Use,LNG,D3,102000.0
2028,LNG_S1_2025,4,Use,LNG,D3,102000.0
2028,LNG_S1_2026,4,Use,BioLNG,D3,102000.0
2028,Diesel_S1_2023,8,Use,HVO,D3,102000.0
2028,LNG_S1_2027,5,Use,LNG,D3,102000.0
2028,LNG_S1_2024,3,Use,BioLNG,D3,102000.0
2028,LNG_S1_2028,8,Use,LNG,D3,102000.0
2028,Diesel_S1_2023,1,Use,HVO,D4,102000.0
2028,LNG_S1_2026,1,Use,BioLNG,D4,102000.0
2028,LNG_S1_2025,1,Use,BioLNG,D4,102000.0
2028,LNG_S1_2027,1,Use,BioLNG,D4,102000.0
2028,LNG_S1_2028,1,Use,LNG,D4,102000.0
2028,LNG_S2_2027,2,Use,LNG,D1,106000.0
2028,LNG_S2_2023,2,Use,LNG,D1,106000.0
2028,BEV_S2_2023,2,Use,Electricity,D1,106000.0
2028,LNG_S2_2026,2,Use,LNG,D1,106000.0
2028,LNG_S2_2024,1,Use,BioLNG,D1,106000.0
2028,LNG_S2_2028,2,Use,LNG,D1,106000.0
2028,LNG_S2_2024,2,Use,BioLNG,D2,106000.0
2028,Diesel_S2_2023,5,Use,HVO,D2,106000.0
2028,LNG_S2_2027,2,Use,BioLNG,D2,106000.0
2028,LNG_S2_2026,1,Use,BioLNG,D2,106000.0
2028,LNG_S2_2023,2,Use,BioLNG,D2,106000.0
2028,LNG_S2_2028,3,Use,LNG,D2,106000.0
2028,Diesel_S2_2023,3,Use,HVO,D3,106000.0
2028,LNG_S2_2026,1,Use,BioLNG,D3,106000.0
2028,LNG_S2_2025,1,Use,LNG,D3,106000.0
2028,LNG_S2_2027,2,Use,LNG,D3,106000.0
2028,LNG_S2_2023,1,Use,LNG,D3,106000.0
2028,LNG_S2_2028,1,Use,BioLNG,D3,106000.0
2028,LNG_S2_2023,1,Use,LNG,D4,106000.0
2028,Diesel_S2_2023,1,Use,HVO,D4,106000.0
2028,BEV_S4_2023,1,Use,Electricity,D1,118000.0
2028,LNG_S4_2027,2,Use,LNG,D2,118000.0
2028,LNG_S4_2026,1,Use,BioLNG,D2,118000.0
2028,LNG_S4_2025,1,Use,LNG,D2,118000.0
2028,LNG_S4_2023,1,Use,BioLNG,D2,118000.0
2028,Diesel_S4_2023,2,Use,HVO,D2,118000.0
2028,LNG_S4_2028,1,Use,BioLNG,D2,118000.0
2028,Diesel_S4_2023,1,Use,HVO,D3,118000.0
2028,LNG_S4_2023,1,Use,BioLNG,D3,118000.0
2028,Diesel_S4_2023,1,Use,HVO,D4,118000.0
2028,LNG_S3_2025,2,Use,BioLNG,D1,73000.0
2028,LNG_S3_2024,5,Use,LNG,D1,73000.0
2028,BEV_S3_2023,4,Use,Electricity,D1,73000.0
2028,LNG_S3_2027,6,Use,LNG,D1,73000.0
2028,LNG_S3_2023,4,Use,BioLNG,D1,73000.0
2028,LNG_S3_2026,4,Use,BioLNG,D1,73000.0
2028,Diesel_S3_2023,2,Use,HVO,D1,73000.0
2028,LNG_S3_2028,7,Use,LNG,D1,73000.0
2028,Diesel_S3_2023,6,Use,HVO,D2,73000.0
2028,LNG_S3_2025,5,Use,BioLNG,D2,73000.0
2028,LNG_S3_2023,5,Use,BioLNG,D2,73000.0
2028,LNG_S3_2024,3,Use,BioLNG,D2,73000.0
2028,LNG_S3_2026,2,Use,BioLNG,D2,73000.0
2028,LNG_S3_2027,8,Use,BioLNG,D2,73000.0
2028,LNG_S3_2028,8,Use,BioLNG,D2,73000.0
2028,LNG_S3_2025,3,Use,LNG,D3,73000.0
2028,Diesel_S3_2023,2,Use,HVO,D3,73000.0
2028,LNG_S3_2027,2,Use,BioLNG,D3,73000.0
2028,LNG_S3_2026,2,Use,LNG,D3,73000.0
2028,LNG_S3_2024,1,Use,BioLNG,D3,73000.0
2028,LNG_S3_2023,3,Use,BioLNG,D3,73000.0
2028,LNG_S3_2028,3,Use,LNG,D3,73000.0
2028,Diesel_S3_2023,2,Use,HVO,D4,73000.0
2028,LNG_S3_2026,1,Use,LNG,D4,73000.0
2028,LNG_S3_2023,1,Use,BioLNG,D4,73000.0
2028,BEV_S1_2023,1,Sell,,,0.0
2028,Diesel_S1_2023,6,Sell,,,0.0
2028,LNG_S1_2025,2,Sell,,,0.0
2028,LNG_S1_2027,2,Sell,,,0.0
2028,LNG_S1_2026,2,Sell,,,0.0
2028,LNG_S1_2024,1,Sell,,,0.0
2028,LNG_S1_2028,2,Sell,,,0.0
2028,LNG_S2_2028,2,Sell,,,0.0
2028,LNG_S2_2027,2,Sell,,,0.0
2028,LNG_S2_2024,1,Sell,,,0.0
2028,LNG_S2_2025,1,Sell,,,0.0
2028,Diesel_S4_2023,1,Sell,,,0.0
2028,LNG_S3_2026,2,Sell,,,0.0
2028,LNG_S3_2025,2,Sell,,,0.0
2028,LNG_S3_2028,4,Sell,,,0.0
2028,LNG_S3_2027,3,Sell,,,0.0
2028,LNG_S3_2024,2,Sell,,,0.0
2028,Diesel_S3_2023,2,Sell,,,0.0
2028,LNG_S3_2023,1,Sell,,,0.0
2029,LNG_S1_2029,19,Buy,,,0.0
2029,LNG_S2_2029,8,Buy,,,0.0
2029,LNG_S4_2029,1,Buy,,,0.0
2029,LNG_S3_2029,20,Buy,,,0.0
2029,BEV_S1_2023,1,Use,Electricity,D1,102000.0
2029,LNG_S1_2028,2,Use,LNG,D1,102000.0
2029,LNG_S1_2025,1,Use,LNG,D1,102000.0
2029,LNG_S1_2027,1,Use,BioLNG,D1,102000.0
2029,LNG_S1_2023,1,Use,BioLNG,D1,102000.0
2029,LNG_S1_2026,1,Use,LNG,D1,102000.0
2029,Diesel_S1_2023,1,Use,HVO,D1,102000.0
2029,LNG_S1_2029,2,Use,BioLNG,D1,102000.0
2029,Diesel_S1_2023,4,Use,HVO,D2,102000.0
2029,LNG_S1_2028,7,Use,LNG,D2,102000.0
2029,LNG_S1_2023,4,Use,LNG,D2,102000.0
2029,LNG_S1_2025,2,Use,LNG,D2,102000.0
2029,LNG_S1_2026,3,Use,LNG,D2,102000.0
2029,LNG_S1_2027,3,Use,BioLNG,D2,102000.0
2029,LNG_S1_2024,2,Use,BioLNG,D2,102000.0
2029,LNG_S1_2029,7,Use,LNG,D2,102000.0
2029,Diesel_S1_2023,4,Use,HVO,D3,102000.0
2029,LNG_S1_2028,6,Use,BioLNG,D3,102000.0
2029,LNG_S1_2025,4,Use,BioLNG,D3,102000.0
2029,LNG_S1_2024,3,Use,LNG,D3,102000.0
2029,LNG_S1_2027,4,Use,LNG,D3,102000.0
2029,LNG_S1_2023,5,Use,BioLNG,D3,102000.0
2029,LNG_S1_2026,4,Use,BioLNG,D3,102000.0
2029,LNG_S1_2029,9,Use,LNG,D3,102000.0
2029,LNG_S1_2025,1,Use,BioLNG,D4,102000.0
2029,Diesel_S1_2023,1,Use,HVO,D4,102000.0
2029,LNG_S1_2027,1,Use,LNG,D4,102000.0
2029,LNG_S1_2028,1,Use,BioLNG,D4,102000.0
2029,LNG_S1_2029,1,Use,BioLNG,D4,102000.0
2029,LNG_S2_2028,1,Use,BioLNG,D1,106000.0
2029,LNG_S2_2026,2,Use,LNG,D1,106000.0
2029,LNG_S2_2027,1,Use,BioLNG,D1,106000.0
2029,BEV_S2_2023,2,Use,Electricity,D1,106000.0
2029,LNG_S2_2023,2,Use,BioLNG,D1,106000.0
2029,LNG_S2_2024,1,Use,LNG,D1,106000.0
2029,LNG_S2_2029,3,Use,LNG,D1,106000.0
2029,Diesel_S2_2023,5,Use,HVO,D2,106000.0
2029,LNG_S2_2028,2,Use,BioLNG,D2,106000.0
2029,LNG_S2_2026,1,Use,LNG,D2,106000.0
2029,LNG_S2_2023,2,Use,BioLNG,D2,106000.0
2029,LNG_S2_2027,1,Use,LNG,D2,106000.0
2029,LNG_S2_2024,1,Use,LNG,D2,106000.0
2029,LNG_S2_2029,4,Use,BioLNG,D2,106000.0
2029,Diesel_S2_2023,3,Use,HVO,D3,106000.0
2029,LNG_S2_2027,2,Use,LNG,D3,106000.0
2029,LNG_S2_2023,1,Use,LNG,D3,106000.0
2029,LNG_S2_2026,1,Use,LNG,D3,106000.0
2029,LNG_S2_2028,1,Use,LNG,D3,106000.0
2029,LNG_S2_2029,1,Use,BioLNG,D3,106000.0
2029,Diesel_S2_2023,1,Use,HVO,D4,106000.0
2029,LNG_S2_2023,1,Use,LNG,D4,106000.0
2029,BEV_S4_2023,1,Use,Electricity,D1,118000.0
2029,LNG_S4_2028,1,Use,BioLNG,D2,118000.0
2029,LNG_S4_2023,1,Use,BioLNG,D2,118000.0
2029,LNG_S4_2026,1,Use,BioLNG,D2,118000.0
2029,LNG_S4_2027,2,Use,BioLNG,D2,118000.0
2029,LNG_S4_2025,1,Use,LNG,D2,118000.0
2029,Diesel_S4_2023,1,Use,HVO,D2,118000.0
2029,LNG_S4_2029,1,Use,BioLNG,D2,118000.0
2029,LNG_S4_2023,1,Use,BioLNG,D3,118000.0
2029,Diesel_S4_2023,1,Use,HVO,D3,118000.0
2029,Diesel_S4_2023,1,Use,HVO,D4,118000.0
2029,LNG_S3_2025,1,Use,LNG,D1,73000.0
2029,Diesel_S3_2023,2,Use,HVO,D1,73000.0
2029,LNG_S3_2028,6,Use,LNG,D1,73000.0
2029,LNG_S3_2023,4,Use,BioLNG,D1,73000.0
2029,LNG_S3_2027,4,Use,BioLNG,D1,73000.0
2029,LNG_S3_2026,3,Use,LNG,D1,73000.0
2029,BEV_S3_2023,4,Use,Electricity,D1,73000.0
2029,LNG_S3_2024,4,Use,LNG,D1,73000.0
2029,LNG_S3_2029,7,Use,LNG,D1,73000.0
2029,LNG_S3_2023,5,Use,LNG,D2,73000.0
2029,LNG_S3_2024,2,Use,LNG,D2,73000.0
2029,LNG_S3_2027,7,Use,BioLNG,D2,73000.0
2029,Diesel_S3_2023,5,Use,HVO,D2,73000.0
2029,LNG_S3_2026,2,Use,LNG,D2,73000.0
2029,LNG_S3_2025,4,Use,LNG,D2,73000.0
2029,LNG_S3_2028,5,Use,LNG,D2,73000.0
2029,LNG_S3_2029,9,Use,BioLNG,D2,73000.0
2029,LNG_S3_2027,2,Use,BioLNG,D3,73000.0
2029,LNG_S3_2028,3,Use,LNG,D3,73000.0
2029,LNG_S3_2023,2,Use,BioLNG,D3,73000.0
2029,LNG_S3_2024,1,Use,BioLNG,D3,73000.0
2029,LNG_S3_2025,3,Use,LNG,D3,73000.0
2029,LNG_S3_2026,1,Use,BioLNG,D3,73000.0
2029,Diesel_S3_2023,1,Use,HVO,D3,73000.0
2029,LNG_S3_2029,4,Use,BioLNG,D3,73000.0
2029,Diesel_S3_2023,2,Use,HVO,D4,73000.0
2029,LNG_S3_2026,1,Use,BioLNG,D4,73000.0
2029,LNG_S3_2023,1,Use,BioLNG,D4,73000.0
2029,BEV_S1_2023,1,Sell,,,0.0
2029,LNG_S1_2027,2,Sell,,,0.0
2029,LNG_S1_2029,4,Sell,,,0.0
2029,LNG_S1_2028,3,Sell,,,0.0
2029,Diesel_S1_2023,1,Sell,,,0.0
2029,LNG_S1_2026,2,Sell,,,0.0
2029,LNG_S1_2023,1,Sell,,,0.0
2029,LNG_S1_2024,1,Sell,,,0.0
2029,LNG_S1_2025,1,Sell,,,0.0
2029,BEV_S2_2023,1,Sell,,,0.0
2029,LNG_S2_2029,1,Sell,,,0.0
2029,Diesel_S2_2023,2,Sell,,,0.0
2029,LNG_S2_2028,1,Sell,,,0.0
2029,LNG_S2_2026,1,Sell,,,0.0
2029,LNG_S4_2029,1,Sell,,,0.0
2029,Diesel_S3_2023,1,Sell,,,0.0
2029,LNG_S3_2024,2,Sell,,,0.0
2029,LNG_S3_2026,2,Sell,,,0.0
2029,BEV_S3_2023,1,Sell,,,0.0
2029,LNG_S3_2029,6,Sell,,,0.0
2029,LNG_S3_2028,2,Sell,,,0.0
2029,LNG_S3_2023,1,Sell,,,0.0
2029,LNG_S3_2027,1,Sell,,,0.0
2029,LNG_S3_2025,1,Sell,,,0.0
2030,LNG_S1_2030,17,Buy,,,0.0
2030,LNG_S2_2030,6,Buy,,,0.0
2030,LNG_S4_2030,1,Buy,,,0.0
2030,LNG_S3_2030,17,Buy,,,0.0
2030,LNG_S1_2025,1,Use,LNG,D1,102000.0
2030,LNG_S1_2028,2,Use,LNG,D1,102000.0
2030,LNG_S1_2029,2,Use,LNG,D1,102000.0
2030,LNG_S1_2026,1,Use,LNG,D1,102000.0
2030,LNG_S1_2023,1,Use,BioLNG,D1,102000.0
2030,Diesel_S1_2023,1,Use,HVO,D1,102000.0
2030,LNG_S1_2030,2,Use,LNG,D1,102000.0
2030,Diesel_S1_2023,4,Use,HVO,D2,102000.0
2030,LNG_S1_2028,4,Use,BioLNG,D2,102000.0
2030,LNG_S1_2026,3,Use,BioLNG,D2,102000.0
2030,LNG_S1_2029,4,Use,BioLNG,D2,102000.0
2030,LNG_S1_2023,4,Use,BioLNG,D2,102000.0
2030,LNG_S1_2025,2,Use,LNG,D2,102000.0
2030,LNG_S1_2027,3,Use,LNG,D2,102000.0
2030,LNG_S1_2024,2,Use,BioLNG,D2,102000.0
2030,LNG_S1_2030,7,Use,BioLNG,D2,102000.0
2030,LNG_S1_2029,8,Use,BioLNG,D3,102000.0
2030,LNG_S1_2025,4,Use,BioLNG,D3,102000.0
2030,LNG_S1_2026,2,Use,LNG,D3,102000.0
2030,LNG_S1_2028,6,Use,BioLNG,D3,102000.0
2030,LNG_S1_2024,2,Use,BioLNG,D3,102000.0
2030,LNG_S1_2027,3,Use,BioLNG,D3,102000.0
2030,LNG_S1_2023,4,Use,BioLNG,D3,102000.0
2030,Diesel_S1_2023,3,Use,HVO,D3,102000.0
2030,LNG_S1_2030,7,Use,LNG,D3,102000.0
2030,LNG_S1_2028,1,Use,LNG,D4,102000.0
2030,LNG_S1_2029,1,Use,BioLNG,D4,102000.0
2030,Diesel_S1_2023,1,Use,HVO,D4,102000.0
2030,LNG_S1_2027,1,Use,BioLNG,D4,102000.0
2030,LNG_S1_2030,1,Use,BioLNG,D4,102000.0
2030,LNG_S2_2029,2,Use,BioLNG,D1,106000.0
2030,LNG_S2_2023,2,Use,BioLNG,D1,106000.0
2030,LNG_S2_2028,1,Use,BioLNG,D1,106000.0
2030,LNG_S2_2026,2,Use,LNG,D1,106000.0
2030,LNG_S2_2027,1,Use,BioLNG,D1,106000.0
2030,LNG_S2_2024,1,Use,LNG,D1,106000.0
2030,BEV_S2_2023,1,Use,Electricity,D1,106000.0
2030,LNG_S2_2030,2,Use,LNG,D1,106000.0
2030,LNG_S2_2029,4,Use,BioLNG,D2,106000.0
2030,Diesel_S2_2023,4,Use,HVO,D2,106000.0
2030,LNG_S2_2024,1,Use,LNG,D2,106000.0
2030,LNG_S2_2027,1,Use,BioLNG,D2,106000.0
2030,LNG_S2_2023,2,Use,BioLNG,D2,106000.0
2030,LNG_S2_2028,1,Use,LNG,D2,106000.0
2030,LNG_S2_2030,3,Use,BioLNG,D2,106000.0
2030,LNG_S2_2026,1,Use,LNG,D3,106000.0
2030,LNG_S2_2027,2,Use,BioLNG,D3,106000.0
2030,LNG_S2_2029,1,Use,BioLNG,D3,106000.0
2030,LNG_S2_2028,1,Use,LNG,D3,106000.0
2030,Diesel_S2_2023,2,Use,HVO,D3,106000.0
2030,LNG_S2_2023,1,Use,LNG,D3,106000.0
2030,LNG_S2_2030,1,Use,BioLNG,D3,106000.0
2030,Diesel_S2_2023,1,Use,HVO,D4,106000.0
2030,LNG_S2_2023,1,Use,BioLNG,D4,106000.0
2030,BEV_S4_2023,1,Use,Electricity,D1,118000.0
2030,LNG_S4_2028,1,Use,LNG,D2,118000.0
2030,Diesel_S4_2023,1,Use,HVO,D2,118000.0
2030,LNG_S4_2025,1,Use,LNG,D2,118000.0
2030,LNG_S4_2026,1,Use,LNG,D2,118000.0
2030,LNG_S4_2023,1,Use,BioLNG,D2,118000.0
2030,LNG_S4_2027,2,Use,BioLNG,D2,118000.0
2030,LNG_S4_2030,1,Use,BioLNG,D2,118000.0
2030,Diesel_S4_2023,1,Use,HVO,D3,118000.0
2030,LNG_S4_2023,1,Use,BioLNG,D3,118000.0
2030,Diesel_S4_2023,1,Use,HVO,D4,118000.0
2030,LNG_S3_2025,1,Use,BioLNG,D1,73000.0
2030,LNG_S3_2029,6,Use,BioLNG,D1,73000.0
2030,Diesel_S3_2023,1,Use,HVO,D1,73000.0
2030,LNG_S3_2024,2,Use,BioLNG,D1,73000.0
2030,LNG_S3_2023,4,Use,BioLNG,D1,73000.0
2030,LNG_S3_2027,4,Use,LNG,D1,73000.0
2030,LNG_S3_2028,5,Use,LNG,D1,73000.0
2030,BEV_S3_2023,3,Use,Electricity,D1,73000.0
2030,LNG_S3_2026,2,Use,LNG,D1,73000.0
2030,LNG_S3_2030,7,Use,BioLNG,D1,73000.0
2030,Diesel_S3_2023,5,Use,HVO,D2,73000.0
2030,LNG_S3_2027,6,Use,BioLNG,D2,73000.0
2030,LNG_S3_2028,4,Use,BioLNG,D2,73000.0
2030,LNG_S3_2025,4,Use,BioLNG,D2,73000.0
2030,LNG_S3_2023,4,Use,BioLNG,D2,73000.0
2030,LNG_S3_2029,6,Use,LNG,D2,73000.0
2030,LNG_S3_2026,1,Use,BioLNG,D2,73000.0
2030,LNG_S3_2024,2,Use,LNG,D2,73000.0
2030,LNG_S3_2030,7,Use,LNG,D2,73000.0
2030,LNG_S3_2023,2,Use,BioLNG,D3,73000.0
2030,LNG_S3_2026,1,Use,BioLNG,D3,73000.0
2030,LNG_S3_2029,2,Use,BioLNG,D3,73000.0
2030,LNG_S3_2028,3,Use,BioLNG,D3,73000.0
2030,Diesel_S3_2023,1,Use,HVO,D3,73000.0
2030,LNG_S3_2027,2,Use,LNG,D3,73000.0
2030,LNG_S3_2025,2,Use,LNG,D3,73000.0
2030,LNG_S3_2024,1,Use,LNG,D3,73000.0
2030,LNG_S3_2030,3,Use,LNG,D3,73000.0
2030,Diesel_S3_2023,2,Use,HVO,D4,73000.0
2030,LNG_S3_2023,1,Use,LNG,D4,73000.0
2030,LNG_S3_2026,1,Use,LNG,D4,73000.0
2030,LNG_S1_2023,4,Sell,,,0.0
2030,LNG_S1_2029,3,Sell,,,0.0
2030,LNG_S1_2028,2,Sell,,,0.0
2030,LNG_S1_2024,1,Sell,,,0.0
2030,Diesel_S1_2023,2,Sell,,,0.0
2030,LNG_S1_2030,2,Sell,,,0.0
2030,LNG_S1_2027,2,Sell,,,0.0
2030,LNG_S2_2029,2,Sell,,,0.0
2030,BEV_S2_2023,1,Sell,,,0.0
2030,LNG_S2_2023,1,Sell,,,0.0
2030,Diesel_S2_2023,1,Sell,,,0.0
2030,LNG_S2_2027,1,Sell,,,0.0
2030,LNG_S4_2026,1,Sell,,,0.0
2030,LNG_S3_2028,2,Sell,,,0.0
2030,LNG_S3_2027,2,Sell,,,0.0
2030,LNG_S3_2026,1,Sell,,,0.0
2030,LNG_S3_2023,2,Sell,,,0.0
2030,LNG_S3_2030,4,Sell,,,0.0
2030,LNG_S3_2025,3,Sell,,,0.0
2030,LNG_S3_2029,1,Sell,,,0.0
2030,LNG_S3_2024,1,Sell,,,0.0
2030,Diesel_S3_2023,1,Sell,,,0.0
2031,LNG_S1_2031,19,Buy,,,0.0
2031,LNG_S2_2031,6,Buy,,,0.0
2031,LNG_S4_2031,1,Buy,,,0.0
2031,LNG_S3_2031,18,Buy,,,0.0
2031,LNG_S1_2025,1,Use,LNG,D1,102000.0
2031,LNG_S1_2028,2,Use,LNG,D1,102000.0
2031,LNG_S1_2030,2,Use,LNG,D1,102000.0
2031,LNG_S1_2026,1,Use,LNG,D1,102000.0
2031,Diesel_S1_2023,1,Use,HVO,D1,102000.0
2031,LNG_S1_2029,1,Use,BioLNG,D1,102000.0
2031,LNG_S1_2031,3,Use,LNG,D1,102000.0
2031,LNG_S1_2023,3,Use,LNG,D2,102000.0
2031,LNG_S1_2026,3,Use,LNG,D2,102000.0
2031,LNG_S1_2025,2,Use,BioLNG,D2,102000.0
2031,LNG_S1_2030,6,Use,BioLNG,D2,102000.0
2031,LNG_S1_2027,2,Use,BioLNG,D2,102000.0
2031,LNG_S1_2028,3,Use,LNG,D2,102000.0
2031,Diesel_S1_2023,3,Use,HVO,D2,102000.0
2031,LNG_S1_2024,1,Use,BioLNG,D2,102000.0
2031,LNG_S1_2029,4,Use,BioLNG,D2,102000.0
2031,LNG_S1_2031,6,Use,LNG,D2,102000.0
2031,LNG_S1_2029,6,Use,BioLNG,D3,102000.0
2031,Diesel_S1_2023,2,Use,HVO,D3,102000.0
2031,LNG_S1_2028,5,Use,BioLNG,D3,102000.0
2031,LNG_S1_2025,4,Use,LNG,D3,102000.0
2031,LNG_S1_2023,2,Use,BioLNG,D3,102000.0
2031,LNG_S1_2024,2,Use,LNG,D3,102000.0
2031,LNG_S1_2030,6,Use,LNG,D3,102000.0
2031,LNG_S1_2027,3,Use,LNG,D3,102000.0
2031,LNG_S1_2026,2,Use,LNG,D3,102000.0
2031,LNG_S1_2031,8,Use,BioLNG,D3,102000.0
2031,Diesel_S1_2023,1,Use,HVO,D4,102000.0
2031,LNG_S1_2030,1,Use,LNG,D4,102000.0
2031,LNG_S1_2028,1,Use,BioLNG,D4,102000.0
2031,LNG_S1_2029,1,Use,LNG,D4,102000.0
2031,LNG_S1_2031,2,Use,LNG,D4,102000.0
2031,LNG_S2_2030,2,Use,BioLNG,D1,106000.0
2031,LNG_S2_2027,1,Use,BioLNG,D1,106000.0
2031,LNG_S2_2023,2,Use,LNG,D1,106000.0
2031,LNG_S2_2026,2,Use,LNG,D1,106000.0
2031,LNG_S2_2024,1,Use,LNG,D1,106000.0
2031,LNG_S2_2029,1,Use,BioLNG,D1,106000.0
2031,LNG_S2_2028,1,Use,BioLNG,D1,106000.0
2031,LNG_S2_2031,2,Use,BioLNG,D1,106000.0
2031,LNG_S2_2029,3,Use,LNG,D2,106000.0
2031,LNG_S2_2023,1,Use,LNG,D2,106000.0
2031,Diesel_S2_2023,3,Use,HVO,D2,106000.0
2031,LNG_S2_2030,3,Use,BioLNG,D2,106000.0
2031,LNG_S2_2028,1,Use,BioLNG,D2,106000.0
2031,LNG_S2_2024,1,Use,LNG,D2,106000.0
2031,LNG_S2_2027,1,Use,LNG,D2,106000.0
2031,LNG_S2_2031,3,Use,LNG,D2,106000.0
2031,LNG_S2_2028,1,Use,LNG,D3,106000.0
2031,LNG_S2_2030,1,Use,BioLNG,D3,106000.0
2031,LNG_S2_2026,1,Use,BioLNG,D3,106000.0
2031,LNG_S2_2027,1,Use,BioLNG,D3,106000.0
2031,Diesel_S2_2023,2,Use,HVO,D3,106000.0
2031,LNG_S2_2029,1,Use,BioLNG,D3,106000.0
2031,LNG_S2_2023,1,Use,BioLNG,D3,106000.0
2031,LNG_S2_2031,1,Use,LNG,D3,106000.0
2031,Diesel_S2_2023,1,Use,HVO,D4,106000.0
2031,LNG_S2_2023,1,Use,LNG,D4,106000.0
2031,BEV_S4_2023,1,Use,Electricity,D1,118000.0
2031,LNG_S4_2023,1,Use,LNG,D2,118000.0
2031,LNG_S4_2027,2,Use,BioLNG,D2,118000.0
2031,LNG_S4_2028,1,Use,BioLNG,D2,118000.0
2031,LNG_S4_2025,1,Use,BioLNG,D2,118000.0
2031,LNG_S4_2030,1,Use,LNG,D2,118000.0
2031,Diesel_S4_2023,1,Use,HVO,D2,118000.0
2031,LNG_S4_2031,1,Use,LNG,D2,118000.0
2031,LNG_S4_2023,1,Use,LNG,D3,118000.0
2031,Diesel_S4_2023,1,Use,HVO,D3,118000.0
2031,Diesel_S4_2023,1,Use,HVO,D4,118000.0
2031,LNG_S3_2026,1,Use,LNG,D1,73000.0
2031,LNG_S3_2028,4,Use,LNG,D1,73000.0
2031,LNG_S3_2029,6,Use,BioLNG,D1,73000.0
2031,LNG_S3_2023,3,Use,BioLNG,D1,73000.0
2031,LNG_S3_2030,6,Use,LNG,D1,73000.0
2031,LNG_S3_2024,2,Use,LNG,D1,73000.0
2031,Diesel_S3_2023,1,Use,HVO,D1,73000.0
2031,BEV_S3_2023,3,Use,Electricity,D1,73000.0
2031,LNG_S3_2027,2,Use,BioLNG,D1,73000.0
2031,LNG_S3_2031,8,Use,BioLNG,D1,73000.0
2031,LNG_S3_2029,5,Use,BioLNG,D2,73000.0
2031,LNG_S3_2027,6,Use,BioLNG,D2,73000.0
2031,LNG_S3_2030,5,Use,LNG,D2,73000.0
2031,Diesel_S3_2023,5,Use,HVO,D2,73000.0
2031,LNG_S3_2028,3,Use,BioLNG,D2,73000.0
2031,LNG_S3_2023,3,Use,BioLNG,D2,73000.0
2031,LNG_S3_2025,3,Use,LNG,D2,73000.0
2031,LNG_S3_2026,1,Use,LNG,D2,73000.0
2031,LNG_S3_2024,1,Use,BioLNG,D2,73000.0
2031,LNG_S3_2031,7,Use,BioLNG,D2,73000.0
2031,LNG_S3_2028,3,Use,BioLNG,D3,73000.0
2031,LNG_S3_2024,1,Use,LNG,D3,73000.0
2031,LNG_S3_2029,2,Use,LNG,D3,73000.0
2031,LNG_S3_2030,2,Use,BioLNG,D3,73000.0
2031,LNG_S3_2023,2,Use,BioLNG,D3,73000.0
2031,LNG_S3_2027,2,Use,BioLNG,D3,73000.0
2031,LNG_S3_2025,1,Use,LNG,D3,73000.0
2031,LNG_S3_2026,1,Use,BioLNG,D3,73000.0
2031,LNG_S3_2031,3,Use,LNG,D3,73000.0
2031,Diesel_S3_2023,2,Use,HVO,D4,73000.0
2031,LNG_S3_2023,1,Use,LNG,D4,73000.0
2031,LNG_S3_2026,1,Use,LNG,D4,73000.0
2031,LNG_S1_2028,2,Sell,,,0.0
2031,LNG_S1_2031,3,Sell,,,0.0
2031,LNG_S1_2030,3,Sell,,,0.0
2031,Diesel_S1_2023,2,Sell,,,0.0
2031,LNG_S1_2025,1,Sell,,,0.0
2031,LNG_S1_2023,1,Sell,,,0.0
2031,LNG_S1_2024,2,Sell,,,0.0
2031,LNG_S1_2026,1,Sell,,,0.0
2031,LNG_S1_2029,2,Sell,,,0.0
2031,LNG_S2_2026,1,Sell,,,0.0
2031,LNG_S2_2031,3,Sell,,,0.0
2031,LNG_S2_2029,1,Sell,,,0.0
2031,LNG_S2_2027,1,Sell,,,0.0
2031,LNG_S4_2027,1,Sell,,,0.0
2031,LNG_S3_2029,4,Sell,,,0.0
2031,LNG_S3_2028,1,Sell,,,0.0
2031,LNG_S3_2031,2,Sell,,,0.0
2031,LNG_S3_2023,2,Sell,,,0.0
2031,LNG_S3_2030,1,Sell,,,0.0
2031,Diesel_S3_2023,3,Sell,,,0.0
2031,LNG_S3_2027,2,Sell,,,0.0
2031,LNG_S3_2026,2,Sell,,,0.0
2032,BEV_S1_2032,20,Buy,,,0.0
2032,BEV_S2_2032,8,Buy,,,0.0
2032,BEV_S4_2032,2,Buy,,,0.0
2032,BEV_S3_2032,21,Buy,,,0.0
2032,Diesel_S1_2023,1,Use,HVO,D1,102000.0
2032,LNG_S1_2028,1,Use,LNG,D1,102000.0
2032,LNG_S1_2029,1,Use,BioLNG,D1,102000.0
2032,LNG_S1_2031,2,Use,LNG,D1,102000.0
2032,LNG_S1_2030,2,Use,BioLNG,D1,102000.0
2032,LNG_S1_2025,1,Use,LNG,D1,102000.0
2032,LNG_S1_2026,1,Use,BioLNG,D1,102000.0
2032,BEV_S1_2032,2,Use,Electricity,D1,102000.0
2032,LNG_S1_2025,2,Use,LNG,D2,102000.0
2032,LNG_S1_2029,4,Use,BioLNG,D2,102000.0
2032,LNG_S1_2027,2,Use,BioLNG,D2,102000.0
2032,Diesel_S1_2023,1,Use,HVO,D2,102000.0
2032,LNG_S1_2023,3,Use,LNG,D2,102000.0
2032,LNG_S1_2030,4,Use,LNG,D2,102000.0
2032,LNG_S1_2026,3,Use,BioLNG,D2,102000.0
2032,LNG_S1_2028,3,Use,LNG,D2,102000.0
2032,LNG_S1_2031,4,Use,LNG,D2,102000.0
2032,LNG_S1_2024,1,Use,LNG,D2,102000.0
2032,BEV_S1_2032,7,Use,Electricity,D2,102000.0
2032,LNG_S1_2027,3,Use,BioLNG,D3,102000.0
2032,LNG_S1_2030,5,Use,BioLNG,D3,102000.0
2032,LNG_S1_2028,4,Use,LNG,D3,102000.0
2032,LNG_S1_2029,5,Use,BioLNG,D3,102000.0
2032,LNG_S1_2031,8,Use,LNG,D3,102000.0
2032,Diesel_S1_2023,2,Use,HVO,D3,102000.0
2032,LNG_S1_2025,3,Use,LNG,D3,102000.0
2032,LNG_S1_2023,1,Use,LNG,D3,102000.0
2032,LNG_S1_2026,1,Use,LNG,D3,102000.0
2032,BEV_S1_2032,10,Use,Electricity,D3,102000.0
2032,LNG_S1_2031,2,Use,BioLNG,D4,102000.0
2032,Diesel_S1_2023,1,Use,HVO,D4,102000.0
2032,LNG_S1_2030,1,Use,LNG,D4,102000.0
2032,LNG_S1_2028,1,Use,LNG,D4,102000.0
2032,BEV_S1_2032,1,Use,Electricity,D4,102000.0
2032,LNG_S2_2023,2,Use,LNG,D1,106000.0
2032,LNG_S2_2030,2,Use,BioLNG,D1,106000.0
2032,LNG_S2_2024,1,Use,LNG,D1,106000.0
2032,LNG_S2_2031,1,Use,BioLNG,D1,106000.0
2032,LNG_S2_2027,1,Use,BioLNG,D1,106000.0
2032,LNG_S2_2029,1,Use,LNG,D1,106000.0
2032,LNG_S2_2026,1,Use,BioLNG,D1,106000.0
2032,LNG_S2_2028,1,Use,BioLNG,D1,106000.0
2032,BEV_S2_2032,2,Use,Electricity,D1,106000.0
2032,LNG_S2_2023,1,Use,BioLNG,D2,106000.0
2032,Diesel_S2_2023,3,Use,HVO,D2,106000.0
2032,LNG_S2_2029,2,Use,BioLNG,D2,106000.0
2032,LNG_S2_2030,3,Use,LNG,D2,106000.0
2032,LNG_S2_2024,1,Use,LNG,D2,106000.0
2032,LNG_S2_2028,1,Use,LNG,D2,106000.0
2032,LNG_S2_2031,1,Use,BioLNG,D2,106000.0
2032,LNG_S2_2027,1,Use,BioLNG,D2,106000.0
2032,BEV_S2_2032,4,Use,Electricity,D2,106000.0
2032,LNG_S2_2023,1,Use,LNG,D3,106000.0
2032,LNG_S2_2030,1,Use,LNG,D3,106000.0
2032,Diesel_S2_2023,2,Use,HVO,D3,106000.0
2032,LNG_S2_2029,1,Use,LNG,D3,106000.0
2032,LNG_S2_2026,1,Use,BioLNG,D3,106000.0
2032,LNG_S2_2028,1,Use,BioLNG,D3,106000.0
2032,LNG_S2_2031,1,Use,BioLNG,D3,106000.0
2032,BEV_S2_2032,2,Use,Electricity,D3,106000.0
2032,Diesel_S2_2023,1,Use,HVO,D4,106000.0
2032,LNG_S2_2023,1,Use,LNG,D4,106000.0
2032,BEV_S4_2023,1,Use,Electricity,D1,118000.0
2032,LNG_S4_2031,1,Use,BioLNG,D2,118000.0
2032,LNG_S4_2023,1,Use,LNG,D2,118000.0
2032,LNG_S4_2030,1,Use,LNG,D2,118000.0
2032,LNG_S4_2027,1,Use,BioLNG,D2,118000.0
2032,LNG_S4_2028,1,Use,LNG,D2,118000.0
2032,Diesel_S4_2023,1,Use,HVO,D2,118000.0
2032,LNG_S4_2025,1,Use,LNG,D2,118000.0
2032,BEV_S4_2032,2,Use,Electricity,D2,118000.0
2032,LNG_S4_2023,1,Use,BioLNG,D3,118000.0
2032,Diesel_S4_2023,1,Use,HVO,D3,118000.0
2032,Diesel_S4_2023,1,Use,HVO,D4,118000.0
2032,BEV_S3_2023,3,Use,Electricity,D1,73000.0
2032,LNG_S3_2028,3,Use,LNG,D1,73000.0
2032,LNG_S3_2026,1,Use,BioLNG,D1,73000.0
2032,LNG_S3_2031,7,Use,LNG,D1,73000.0
2032,LNG_S3_2030,5,Use,LNG,D1,73000.0
2032,LNG_S3_2029,3,Use,BioLNG,D1,73000.0
2032,LNG_S3_2024,2,Use,BioLNG,D1,73000.0
2032,LNG_S3_2027,2,Use,BioLNG,D1,73000.0
2032,Diesel_S3_2023,1,Use,HVO,D1,73000.0
2032,LNG_S3_2023,2,Use,BioLNG,D1,73000.0
2032,BEV_S3_2032,9,Use,Electricity,D1,73000.0
2032,LNG_S3_2027,5,Use,LNG,D2,73000.0
2032,LNG_S3_2025,3,Use,LNG,D2,73000.0
2032,LNG_S3_2031,7,Use,LNG,D2,73000.0
2032,Diesel_S3_2023,2,Use,HVO,D2,73000.0
2032,LNG_S3_2028,3,Use,BioLNG,D2,73000.0
2032,LNG_S3_2030,5,Use,BioLNG,D2,73000.0
2032,LNG_S3_2029,4,Use,LNG,D2,73000.0
2032,LNG_S3_2024,1,Use,BioLNG,D2,73000.0
2032,LNG_S3_2023,2,Use,BioLNG,D2,73000.0
2032,BEV_S3_2032,8,Use,Electricity,D2,73000.0
2032,LNG_S3_2029,2,Use,BioLNG,D3,73000.0
2032,LNG_S3_2030,2,Use,LNG,D3,73000.0
2032,LNG_S3_2025,1,Use,LNG,D3,73000.0
2032,LNG_S3_2024,1,Use,BioLNG,D3,73000.0
2032,LNG_S3_2023,2,Use,BioLNG,D3,73000.0
2032,LNG_S3_2028,3,Use,LNG,D3,73000.0
2032,LNG_S3_2027,1,Use,BioLNG,D3,73000.0
2032,LNG_S3_2031,2,Use,BioLNG,D3,73000.0
2032,BEV_S3_2032,4,Use,Electricity,D3,73000.0
2032,Diesel_S3_2023,2,Use,HVO,D4,73000.0
2032,LNG_S3_2026,1,Use,BioLNG,D4,73000.0
2032,LNG_S3_2023,1,Use,LNG,D4,73000.0
2032,Diesel_S1_2023,5,Sell,,,0.0
2032,LNG_S1_2023,4,Sell,,,0.0
2032,LNG_S2_2023,5,Sell,,,0.0
2032,Diesel_S2_2023,6,Sell,,,0.0
2032,BEV_S4_2023,1,Sell,,,0.0
2032,LNG_S4_2023,2,Sell,,,0.0
2032,Diesel_S4_2023,3,Sell,,,0.0
2032,BEV_S3_2023,3,Sell,,,0.0
2032,Diesel_S3_2023,5,Sell,,,0.0
2032,LNG_S3_2023,7,Sell,,,0.0
2032,BEV_S1_2032,2,Sell,,,0.0
2032,LNG_S1_2028,2,Sell,,,0.0
2032,LNG_S1_2026,1,Sell,,,0.0
2032,LNG_S1_2029,1,Sell,,,0.0
2032,LNG_S1_2030,2,Sell,,,0.0
2033,BEV_S1_2033,19,Buy,,,0.0
2033,BEV_S2_2033,12,Buy,,,0.0
2033,BEV_S4_2033,6,Buy,,,0.0
2033,BEV_S3_2033,17,Buy,,,0.0
2033,LNG_S1_2029,1,Use,LNG,D1,102000.0
2033,LNG_S1_2025,1,Use,BioLNG,D1,102000.0
2033,LNG_S1_2030,2,Use,BioLNG,D1,102000.0
2033,LNG_S1_2026,1,Use,BioLNG,D1,102000.0
2033,LNG_S1_2031,2,Use,BioLNG,D1,102000.0
2033,BEV_S1_2032,1,Use,Electricity,D1,102000.0
2033,BEV_S1_2033,3,Use,Electricity,D1,102000.0
2033,LNG_S1_2025,2,Use,LNG,D2,102000.0
2033,LNG_S1_2029,3,Use,LNG,D2,102000.0
2033,LNG_S1_2027,2,Use,LNG,D2,102000.0
2033,BEV_S1_2032,6,Use,Electricity,D2,102000.0
2033,LNG_S1_2028,2,Use,BioLNG,D2,102000.0
2033,LNG_S1_2031,4,Use,LNG,D2,102000.0
2033,LNG_S1_2030,2,Use,LNG,D2,102000.0
2033,LNG_S1_2026,2,Use,BioLNG,D2,102000.0
2033,LNG_S1_2024,1,Use,LNG,D2,102000.0
2033,BEV_S1_2033,11,Use,Electricity,D2,102000.0
2033,LNG_S1_2025,3,Use,LNG,D3,102000.0
2033,LNG_S1_2026,1,Use,BioLNG,D3,102000.0
2033,LNG_S1_2027,3,Use,BioLNG,D3,102000.0
2033,LNG_S1_2028,4,Use,LNG,D3,102000.0
2033,LNG_S1_2029,5,Use,LNG,D3,102000.0
2033,LNG_S1_2030,5,Use,LNG,D3,102000.0
2033,LNG_S1_2031,8,Use,LNG,D3,102000.0
2033,BEV_S1_2032,10,Use,Electricity,D3,102000.0
2033,BEV_S1_2033,4,Use,Electricity,D3,102000.0
2033,LNG_S1_2028,1,Use,LNG,D4,102000.0
2033,LNG_S1_2030,1,Use,BioLNG,D4,102000.0
2033,LNG_S1_2031,2,Use,BioLNG,D4,102000.0
2033,BEV_S1_2032,1,Use,Electricity,D4,102000.0
2033,BEV_S1_2033,1,Use,Electricity,D4,102000.0
2033,LNG_S2_2024,1,Use,BioLNG,D1,106000.0
2033,LNG_S2_2026,1,Use,LNG,D1,106000.0
2033,LNG_S2_2027,1,Use,LNG,D1,106000.0
2033,LNG_S2_2028,1,Use,BioLNG,D1,106000.0
2033,LNG_S2_2029,1,Use,BioLNG,D1,106000.0
2033,LNG_S2_2030,2,Use,LNG,D1,106000.0
2033,LNG_S2_2031,1,Use,LNG,D1,106000.0
2033,BEV_S2_2032,2,Use,Electricity,D1,106000.0
2033,BEV_S2_2033,3,Use,Electricity,D1,106000.0
2033,LNG_S2_2024,1,Use,LNG,D2,106000.0
2033,LNG_S2_2027,1,Use,LNG,D2,106000.0
2033,LNG_S2_2028,1,Use,LNG,D2,106000.0
2033,LNG_S2_2029,2,Use,BioLNG,D2,106000.0
2033,LNG_S2_2030,3,Use,LNG,D2,106000.0
2033,LNG_S2_2031,1,Use,BioLNG,D2,106000.0
2033,BEV_S2_2032,4,Use,Electricity,D2,106000.0
2033,BEV_S2_2033,4,Use,Electricity,D2,106000.0
2033,LNG_S2_2026,1,Use,LNG,D3,106000.0
2033,LNG_S2_2028,1,Use,BioLNG,D3,106000.0
2033,LNG_S2_2029,1,Use,BioLNG,D3,106000.0
2033,LNG_S2_2030,1,Use,LNG,D3,106000.0
2033,LNG_S2_2031,1,Use,BioLNG,D3,106000.0
2033,BEV_S2_2032,2,Use,Electricity,D3,106000.0
2033,BEV_S2_2033,3,Use,Electricity,D3,106000.0
2033,BEV_S2_2033,2,Use,Electricity,D4,106000.0
2033,BEV_S4_2033,1,Use,Electricity,D1,118000.0
2033,LNG_S4_2025,1,Use,BioLNG,D2,118000.0
2033,LNG_S4_2027,1,Use,BioLNG,D2,118000.0
2033,LNG_S4_2028,1,Use,LNG,D2,118000.0
2033,LNG_S4_2030,1,Use,LNG,D2,118000.0
2033,LNG_S4_2031,1,Use,BioLNG,D2,118000.0
2033,BEV_S4_2032,2,Use,Electricity,D2,118000.0
2033,BEV_S4_2033,2,Use,Electricity,D2,118000.0
2033,BEV_S4_2033,2,Use,Electricity,D3,118000.0
2033,BEV_S4_2033,1,Use,Electricity,D4,118000.0
2033,LNG_S3_2024,2,Use,BioLNG,D1,73000.0
2033,LNG_S3_2026,1,Use,BioLNG,D1,73000.0
2033,LNG_S3_2027,2,Use,BioLNG,D1,73000.0
2033,LNG_S3_2028,3,Use,BioLNG,D1,73000.0
2033,LNG_S3_2029,3,Use,LNG,D1,73000.0
2033,LNG_S3_2030,5,Use,BioLNG,D1,73000.0
2033,LNG_S3_2031,7,Use,BioLNG,D1,73000.0
2033,BEV_S3_2032,9,Use,Electricity,D1,73000.0
2033,BEV_S3_2033,7,Use,Electricity,D1,73000.0
2033,LNG_S3_2024,1,Use,BioLNG,D2,73000.0
2033,LNG_S3_2025,3,Use,LNG,D2,73000.0
2033,LNG_S3_2027,5,Use,LNG,D2,73000.0
2033,LNG_S3_2028,3,Use,LNG,D2,73000.0
2033,LNG_S3_2029,4,Use,LNG,D2,73000.0
2033,LNG_S3_2030,5,Use,BioLNG,D2,73000.0
2033,LNG_S3_2031,7,Use,BioLNG,D2,73000.0
2033,BEV_S3_2032,8,Use,Electricity,D2,73000.0
2033,BEV_S3_2033,5,Use,Electricity,D2,73000.0
2033,LNG_S3_2024,1,Use,BioLNG,D3,73000.0
2033,LNG_S3_2025,1,Use,LNG,D3,73000.0
2033,LNG_S3_2027,1,Use,LNG,D3,73000.0
2033,LNG_S3_2028,3,Use,LNG,D3,73000.0
2033,LNG_S3_2029,2,Use,BioLNG,D3,73000.0
2033,LNG_S3_2030,2,Use,BioLNG,D3,73000.0
2033,LNG_S3_2031,2,Use,LNG,D3,73000.0
2033,BEV_S3_2032,4,Use,Electricity,D3,73000.0
2033,BEV_S3_2033,2,Use,Electricity,D3,73000.0
2033,LNG_S3_2026,1,Use,LNG,D4,73000.0
2033,BEV_S3_2033,3,Use,Electricity,D4,73000.0
2033,LNG_S1_2024,1,Sell,,,0.0
2033,LNG_S2_2024,2,Sell,,,0.0
2033,LNG_S3_2024,4,Sell,,,0.0
2033,BEV_S1_2033,3,Sell,,,0.0
2033,LNG_S1_2029,1,Sell,,,0.0
2033,BEV_S1_2032,8,Sell,,,0.0
2033,LNG_S1_2031,4,Sell,,,0.0
2033,LNG_S1_2030,1,Sell,,,0.0
2033,LNG_S2_2030,1,Sell,,,0.0
2033,BEV_S2_2033,2,Sell,,,0.0
2033,LNG_S2_2027,1,Sell,,,0.0
2033,LNG_S2_2029,1,Sell,,,0.0
2033,BEV_S2_2032,1,Sell,,,0.0
2033,LNG_S2_2031,1,Sell,,,0.0
2033,BEV_S4_2033,1,Sell,,,0.0
2033,BEV_S3_2032,4,Sell,,,0.0
2033,LNG_S3_2031,2,Sell,,,0.0
2033,BEV_S3_2033,4,Sell,,,0.0
2033,LNG_S3_2027,2,Sell,,,0.0
2033,LNG_S3_2030,1,Sell,,,0.0
2033,LNG_S3_2029,2,Sell,,,0.0
2033,LNG_S3_2025,3,Sell,,,0.0
2034,BEV_S1_2034,20,Buy,,,0.0
2034,BEV_S2_2034,10,Buy,,,0.0
2034,BEV_S4_2034,1,Buy,,,0.0
2034,BEV_S3_2034,25,Buy,,,0.0
2034,BEV_S1_2032,1,Use,Electricity,D1,102000.0
2034,LNG_S1_2029,1,Use,BioLNG,D1,102000.0
2034,LNG_S1_2031,2,Use,BioLNG,D1,102000.0
2034,LNG_S1_2026,1,Use,LNG,D1,102000.0
2034,LNG_S1_2025,1,Use,BioLNG,D1,102000.0
2034,LNG_S1_2030,2,Use,LNG,D1,102000.0
2034,BEV_S1_2033,1,Use,Electricity,D1,102000.0
2034,BEV_S1_2034,2,Use,Electricity,D1,102000.0
2034,BEV_S1_2033,11,Use,Electricity,D2,102000.0
2034,LNG_S1_2031,4,Use,LNG,D2,102000.0
2034,LNG_S1_2029,2,Use,LNG,D2,102000.0
2034,LNG_S1_2025,2,Use,LNG,D2,102000.0
2034,LNG_S1_2030,2,Use,BioLNG,D2,102000.0
2034,LNG_S1_2027,2,Use,LNG,D2,102000.0
2034,LNG_S1_2028,2,Use,LNG,D2,102000.0
2034,BEV_S1_2032,1,Use,Electricity,D2,102000.0
2034,LNG_S1_2026,2,Use,LNG,D2,102000.0
2034,BEV_S1_2034,8,Use,Electricity,D2,102000.0
2034,LNG_S1_2025,3,Use,LNG,D3,102000.0
2034,LNG_S1_2030,4,Use,BioLNG,D3,102000.0
2034,LNG_S1_2031,4,Use,BioLNG,D3,102000.0
2034,BEV_S1_2032,7,Use,Electricity,D3,102000.0
2034,LNG_S1_2029,5,Use,LNG,D3,102000.0
2034,LNG_S1_2026,1,Use,LNG,D3,102000.0
2034,LNG_S1_2028,4,Use,LNG,D3,102000.0
2034,LNG_S1_2027,3,Use,LNG,D3,102000.0
2034,BEV_S1_2033,4,Use,Electricity,D3,102000.0
2034,BEV_S1_2034,9,Use,Electricity,D3,102000.0
2034,LNG_S1_2031,2,Use,BioLNG,D4,102000.0
2034,LNG_S1_2030,1,Use,LNG,D4,102000.0
2034,LNG_S1_2028,1,Use,BioLNG,D4,102000.0
2034,BEV_S1_2032,1,Use,Electricity,D4,102000.0
2034,BEV_S1_2034,1,Use,Electricity,D4,102000.0
2034,LNG_S2_2028,1,Use,BioLNG,D1,106000.0
2034,BEV_S2_2032,2,Use,Electricity,D1,106000.0
2034,LNG_S2_2030,1,Use,BioLNG,D1,106000.0
2034,LNG_S2_2027,1,Use,BioLNG,D1,106000.0
2034,BEV_S2_2033,2,Use,Electricity,D1,106000.0
2034,LNG_S2_2031,1,Use,BioLNG,D1,106000.0
2034,LNG_S2_2029,1,Use,LNG,D1,106000.0
2034,LNG_S2_2026,1,Use,BioLNG,D1,106000.0
2034,BEV_S2_2034,3,Use,Electricity,D1,106000.0
2034,LNG_S2_2030,3,Use,LNG,D2,106000.0
2034,LNG_S2_2029,1,Use,BioLNG,D2,106000.0
2034,BEV_S2_2032,3,Use,Electricity,D2,106000.0
2034,BEV_S2_2033,4,Use,Electricity,D2,106000.0
2034,LNG_S2_2028,1,Use,BioLNG,D2,106000.0
2034,LNG_S2_2031,1,Use,BioLNG,D2,106000.0
2034,BEV_S2_2034,5,Use,Electricity,D2,106000.0
2034,LNG_S2_2028,1,Use,LNG,D3,106000.0
2034,BEV_S2_2032,2,Use,Electricity,D3,106000.0
2034,BEV_S2_2033,2,Use,Electricity,D3,106000.0
2034,LNG_S2_2029,1,Use,LNG,D3,106000.0
2034,LNG_S2_2026,1,Use,BioLNG,D3,106000.0
2034,LNG_S2_2030,1,Use,LNG,D3,106000.0
2034,BEV_S2_2034,2,Use,Electricity,D3,106000.0
2034,BEV_S2_2033,2,Use,Electricity,D4,106000.0
2034,BEV_S4_2033,1,Use,Electricity,D1,118000.0
2034,LNG_S4_2030,1,Use,LNG,D2,118000.0
2034,LNG_S4_2027,1,Use,LNG,D2,118000.0
2034,BEV_S4_2032,2,Use,Electricity,D2,118000.0
2034,LNG_S4_2031,1,Use,LNG,D2,118000.0
2034,LNG_S4_2025,1,Use,LNG,D2,118000.0
2034,LNG_S4_2028,1,Use,LNG,D2,118000.0
2034,BEV_S4_2033,1,Use,Electricity,D2,118000.0
2034,BEV_S4_2034,1,Use,Electricity,D2,118000.0
2034,BEV_S4_2033,2,Use,Electricity,D3,118000.0
2034,BEV_S4_2033,1,Use,Electricity,D4,118000.0
2034,LNG_S3_2028,3,Use,BioLNG,D1,73000.0
2034,LNG_S3_2030,5,Use,LNG,D1,73000.0
2034,BEV_S3_2033,6,Use,Electricity,D1,73000.0
2034,LNG_S3_2031,5,Use,BioLNG,D1,73000.0
2034,BEV_S3_2032,6,Use,Electricity,D1,73000.0
2034,LNG_S3_2029,3,Use,BioLNG,D1,73000.0
2034,LNG_S3_2027,1,Use,LNG,D1,73000.0
2034,LNG_S3_2026,1,Use,BioLNG,D1,73000.0
2034,BEV_S3_2034,9,Use,Electricity,D1,73000.0
2034,BEV_S3_2032,7,Use,Electricity,D2,73000.0
2034,LNG_S3_2031,7,Use,LNG,D2,73000.0
2034,LNG_S3_2029,3,Use,BioLNG,D2,73000.0
2034,LNG_S3_2025,1,Use,BioLNG,D2,73000.0
2034,BEV_S3_2033,3,Use,Electricity,D2,73000.0
2034,LNG_S3_2030,4,Use,BioLNG,D2,73000.0
2034,LNG_S3_2028,3,Use,LNG,D2,73000.0
2034,LNG_S3_2027,4,Use,BioLNG,D2,73000.0
2034,BEV_S3_2034,11,Use,Electricity,D2,73000.0
2034,BEV_S3_2032,4,Use,Electricity,D3,73000.0
2034,LNG_S3_2028,3,Use,BioLNG,D3,73000.0
2034,LNG_S3_2030,2,Use,BioLNG,D3,73000.0
2034,LNG_S3_2031,2,Use,BioLNG,D3,73000.0
2034,LNG_S3_2029,1,Use,BioLNG,D3,73000.0
2034,BEV_S3_2033,1,Use,Electricity,D3,73000.0
2034,LNG_S3_2027,1,Use,LNG,D3,73000.0
2034,BEV_S3_2034,5,Use,Electricity,D3,73000.0
2034,BEV_S3_2033,3,Use,Electricity,D4,73000.0
2034,LNG_S3_2026,1,Use,LNG,D4,73000.0
2034,LNG_S1_2025,6,Sell,,,0.0
2034,LNG_S4_2025,1,Sell,,,0.0
2034,LNG_S3_2025,1,Sell,,,0.0
2034,BEV_S1_2034,5,Sell,,,0.0
2034,LNG_S1_2030,2,Sell,,,0.0
2034,BEV_S1_2033,2,Sell,,,0.0
2034,LNG_S1_2031,2,Sell,,,0.0
2034,BEV_S1_2032,1,Sell,,,0.0
2034,LNG_S1_2027,2,Sell,,,0.0
2034,LNG_S1_2026,1,Sell,,,0.0
2034,LNG_S1_2029,1,Sell,,,0.0
2034,LNG_S1_2028,1,Sell,,,0.0
2034,LNG_S2_2031,1,Sell,,,0.0
2034,BEV_S2_2033,1,Sell,,,0.0
2034,LNG_S2_2029,1,Sell,,,0.0
2034,BEV_S2_2034,1,Sell,,,0.0
2034,LNG_S2_2028,1,Sell,,,0.0
2034,LNG_S2_2026,1,Sell,,,0.0
2034,LNG_S2_2030,1,Sell,,,0.0
2034,BEV_S4_2034,1,Sell,,,0.0
2034,BEV_S3_2033,3,Sell,,,0.0
2034,LNG_S3_2030,3,Sell,,,0.0
2034,BEV_S3_2032,3,Sell,,,0.0
2034,BEV_S3_2034,3,Sell,,,0.0
2034,LNG_S3_2029,3,Sell,,,0.0
2034,LNG_S3_2027,1,Sell,,,0.0
2034,LNG_S3_2031,2,Sell,,,0.0
2035,BEV_S1_2035,24,Buy,,,0.0
2035,BEV_S2_2035,8,Buy,,,0.0
2035,BEV_S4_2035,3,Buy,,,0.0
2035,BEV_S3_2035,22,Buy,,,0.0
2035,BEV_S1_2033,1,Use,Electricity,D1,102000.0
2035,LNG_S1_2031,2,Use,LNG,D1,102000.0
2035,LNG_S1_2026,1,Use,LNG,D1,102000.0
2035,BEV_S1_2032,1,Use,Electricity,D1,102000.0
2035,LNG_S1_2030,1,Use,BioLNG,D1,102000.0
2035,LNG_S1_2029,1,Use,LNG,D1,102000.0
2035,BEV_S1_2034,1,Use,Electricity,D1,102000.0
2035,BEV_S1_2035,3,Use,Electricity,D1,102000.0
2035,LNG_S1_2031,3,Use,BioLNG,D2,102000.0
2035,LNG_S1_2027,2,Use,LNG,D2,102000.0
2035,BEV_S1_2033,9,Use,Electricity,D2,102000.0
2035,LNG_S1_2028,2,Use,LNG,D2,102000.0
2035,LNG_S1_2026,2,Use,LNG,D2,102000.0
2035,LNG_S1_2030,2,Use,LNG,D2,102000.0
2035,BEV_S1_2032,1,Use,Electricity,D2,102000.0
2035,BEV_S1_2034,5,Use,Electricity,D2,102000.0
2035,LNG_S1_2029,2,Use,BioLNG,D2,102000.0
2035,BEV_S1_2035,9,Use,Electricity,D2,102000.0
2035,LNG_S1_2029,4,Use,LNG,D3,102000.0
2035,LNG_S1_2031,3,Use,BioLNG,D3,102000.0
2035,BEV_S1_2033,4,Use,Electricity,D3,102000.0
2035,LNG_S1_2028,4,Use,LNG,D3,102000.0
2035,LNG_S1_2030,3,Use,LNG,D3,102000.0
2035,BEV_S1_2034,8,Use,Electricity,D3,102000.0
2035,BEV_S1_2032,6,Use,Electricity,D3,102000.0
2035,LNG_S1_2027,1,Use,LNG,D3,102000.0
2035,BEV_S1_2035,11,Use,Electricity,D3,102000.0
2035,BEV_S1_2032,1,Use,Electricity,D4,102000.0
2035,LNG_S1_2031,2,Use,BioLNG,D4,102000.0
2035,BEV_S1_2034,1,Use,Electricity,D4,102000.0
2035,LNG_S1_2030,1,Use,BioLNG,D4,102000.0
2035,BEV_S1_2035,1,Use,Electricity,D4,102000.0
2035,BEV_S2_2032,2,Use,Electricity,D1,106000.0
2035,LNG_S2_2029,1,Use,BioLNG,D1,106000.0
2035,BEV_S2_2034,3,Use,Electricity,D1,106000.0
2035,BEV_S2_2033,1,Use,Electricity,D1,106000.0
2035,LNG_S2_2026,1,Use,LNG,D1,106000.0
2035,LNG_S2_2030,1,Use,BioLNG,D1,106000.0
2035,LNG_S2_2028,1,Use,BioLNG,D1,106000.0
2035,LNG_S2_2027,1,Use,BioLNG,D1,106000.0
2035,BEV_S2_2035,2,Use,Electricity,D1,106000.0
2035,BEV_S2_2033,4,Use,Electricity,D2,106000.0
2035,LNG_S2_2030,3,Use,LNG,D2,106000.0
2035,LNG_S2_2031,1,Use,LNG,D2,106000.0
2035,BEV_S2_2032,3,Use,Electricity,D2,106000.0
2035,BEV_S2_2034,4,Use,Electricity,D2,106000.0
2035,BEV_S2_2035,4,Use,Electricity,D2,106000.0
2035,BEV_S2_2032,2,Use,Electricity,D3,106000.0
2035,LNG_S2_2029,1,Use,BioLNG,D3,106000.0
2035,LNG_S2_2028,1,Use,LNG,D3,106000.0
2035,BEV_S2_2033,2,Use,Electricity,D3,106000.0
2035,BEV_S2_2034,2,Use,Electricity,D3,106000.0
2035,BEV_S2_2035,2,Use,Electricity,D3,106000.0
2035,BEV_S2_2033,2,Use,Electricity,D4,106000.0
2035,BEV_S4_2033,1,Use,Electricity,D1,118000.0
2035,LNG_S4_2030,1,Use,BioLNG,D2,118000.0
2035,BEV_S4_2033,1,Use,Electricity,D2,118000.0
2035,BEV_S4_2032,2,Use,Electricity,D2,118000.0
2035,LNG_S4_2027,1,Use,LNG,D2,118000.0
2035,LNG_S4_2031,1,Use,BioLNG,D2,118000.0
2035,LNG_S4_2028,1,Use,LNG,D2,118000.0
2035,BEV_S4_2035,3,Use,Electricity,D2,118000.0
2035,BEV_S4_2033,2,Use,Electricity,D3,118000.0
2035,BEV_S4_2033,1,Use,Electricity,D4,118000.0
2035,LNG_S3_2031,5,Use,BioLNG,D1,73000.0
2035,LNG_S3_2029,3,Use,LNG,D1,73000.0
2035,BEV_S3_2033,4,Use,Electricity,D1,73000.0
2035,BEV_S3_2034,7,Use,Electricity,D1,73000.0
2035,LNG_S3_2026,1,Use,LNG,D1,73000.0
2035,BEV_S3_2032,5,Use,Electricity,D1,73000.0
2035,LNG_S3_2028,3,Use,BioLNG,D1,73000.0
2035,LNG_S3_2030,3,Use,BioLNG,D1,73000.0
2035,LNG_S3_2027,1,Use,BioLNG,D1,73000.0
2035,BEV_S3_2035,8,Use,Electricity,D1,73000.0
2035,LNG_S3_2030,4,Use,LNG,D2,73000.0
2035,BEV_S3_2034,11,Use,Electricity,D2,73000.0
2035,BEV_S3_2032,6,Use,Electricity,D2,73000.0
2035,LNG_S3_2031,5,Use,LNG,D2,73000.0
2035,LNG_S3_2027,3,Use,LNG,D2,73000.0
2035,BEV_S3_2033,2,Use,Electricity,D2,73000.0
2035,LNG_S3_2028,3,Use,LNG,D2,73000.0
2035,BEV_S3_2035,11,Use,Electricity,D2,73000.0
2035,LNG_S3_2031,2,Use,LNG,D3,73000.0
2035,BEV_S3_2032,3,Use,Electricity,D3,73000.0
2035,LNG_S3_2028,3,Use,BioLNG,D3,73000.0
2035,BEV_S3_2034,4,Use,Electricity,D3,73000.0
2035,LNG_S3_2027,1,Use,BioLNG,D3,73000.0
2035,BEV_S3_2033,1,Use,Electricity,D3,73000.0
2035,LNG_S3_2029,1,Use,BioLNG,D3,73000.0
2035,LNG_S3_2030,1,Use,BioLNG,D3,73000.0
2035,BEV_S3_2035,3,Use,Electricity,D3,73000.0
2035,BEV_S3_2033,3,Use,Electricity,D4,73000.0
2035,LNG_S3_2026,1,Use,BioLNG,D4,73000.0
2035,LNG_S1_2026,3,Sell,,,0.0
2035,LNG_S2_2026,1,Sell,,,0.0
2035,LNG_S3_2026,2,Sell,,,0.0
2035,BEV_S1_2035,4,Sell,,,0.0
2035,BEV_S1_2034,3,Sell,,,0.0
2035,BEV_S1_2033,3,Sell,,,0.0
2035,LNG_S1_2031,2,Sell,,,0.0
2035,LNG_S1_2028,3,Sell,,,0.0
2035,LNG_S1_2027,1,Sell,,,0.0
2035,LNG_S1_2029,2,Sell,,,0.0
2035,LNG_S2_2029,1,Sell,,,0.0
2035,LNG_S2_2028,2,Sell,,,0.0
2035,BEV_S2_2033,3,Sell,,,0.0
2035,BEV_S2_2032,1,Sell,,,0.0
2035,BEV_S4_2035,1,Sell,,,0.0
2035,BEV_S4_2032,1,Sell,,,0.0
2035,LNG_S3_2030,3,Sell,,,0.0
2035,BEV_S3_2033,2,Sell,,,0.0
2035,LNG_S3_2031,3,Sell,,,0.0
2035,BEV_S3_2035,2,Sell,,,0.0
2035,BEV_S3_2034,5,Sell,,,0.0
2035,BEV_S3_2032,2,Sell,,,0.0
2035,LNG_S3_2027,1,Sell,,,0.0
2035,LNG_S3_2028,1,Sell,,,0.0
2036,BEV_S1_2036,25,Buy,,,0.0
2036,BEV_S2_2036,10,Buy,,,0.0
2036,BEV_S4_2036,2,Buy,,,0.0
2036,BEV_S3_2036,22,Buy,,,0.0
2036,LNG_S1_2029,1,Use,LNG,D1,102000.0
2036,BEV_S1_2034,1,Use,Electricity,D1,102000.0
2036,BEV_S1_2035,1,Use,Electricity,D1,102000.0
2036,LNG_S1_2030,1,Use,BioLNG,D1,102000.0
2036,BEV_S1_2033,1,Use,Electricity,D1,102000.0
2036,LNG_S1_2031,2,Use,LNG,D1,102000.0
2036,BEV_S1_2032,1,Use,Electricity,D1,102000.0
2036,BEV_S1_2036,4,Use,Electricity,D1,102000.0
2036,BEV_S1_2035,8,Use,Electricity,D2,102000.0
2036,BEV_S1_2033,7,Use,Electricity,D2,102000.0
2036,LNG_S1_2029,2,Use,LNG,D2,102000.0
2036,LNG_S1_2028,1,Use,BioLNG,D2,102000.0
2036,BEV_S1_2034,4,Use,Electricity,D2,102000.0
2036,LNG_S1_2027,1,Use,LNG,D2,102000.0
2036,LNG_S1_2030,2,Use,LNG,D2,102000.0
2036,BEV_S1_2032,1,Use,Electricity,D2,102000.0
2036,LNG_S1_2031,2,Use,BioLNG,D2,102000.0
2036,BEV_S1_2036,10,Use,Electricity,D2,102000.0
2036,LNG_S1_2028,2,Use,LNG,D3,102000.0
2036,BEV_S1_2035,10,Use,Electricity,D3,102000.0
2036,BEV_S1_2032,6,Use,Electricity,D3,102000.0
2036,BEV_S1_2033,3,Use,Electricity,D3,102000.0
2036,BEV_S1_2034,6,Use,Electricity,D3,102000.0
2036,LNG_S1_2030,3,Use,LNG,D3,102000.0
2036,LNG_S1_2031,3,Use,BioLNG,D3,102000.0
2036,LNG_S1_2029,2,Use,LNG,D3,102000.0
2036,LNG_S1_2027,1,Use,BioLNG,D3,102000.0
2036,BEV_S1_2036,10,Use,Electricity,D3,102000.0
2036,BEV_S1_2032,1,Use,Electricity,D4,102000.0
2036,LNG_S1_2031,1,Use,BioLNG,D4,102000.0
2036,BEV_S1_2035,1,Use,Electricity,D4,102000.0
2036,BEV_S1_2034,1,Use,Electricity,D4,102000.0
2036,LNG_S1_2030,1,Use,BioLNG,D4,102000.0
2036,BEV_S1_2036,1,Use,Electricity,D4,102000.0
2036,BEV_S2_2034,3,Use,Electricity,D1,106000.0
2036,BEV_S2_2035,2,Use,Electricity,D1,106000.0
2036,BEV_S2_2032,2,Use,Electricity,D1,106000.0
2036,LNG_S2_2027,1,Use,LNG,D1,106000.0
2036,BEV_S2_2033,1,Use,Electricity,D1,106000.0
2036,LNG_S2_2030,1,Use,BioLNG,D1,106000.0
2036,BEV_S2_2036,4,Use,Electricity,D1,106000.0
2036,BEV_S2_2035,4,Use,Electricity,D2,106000.0
2036,BEV_S2_2033,2,Use,Electricity,D2,106000.0
2036,BEV_S2_2034,4,Use,Electricity,D2,106000.0
2036,LNG_S2_2030,3,Use,BioLNG,D2,106000.0
2036,LNG_S2_2031,1,Use,LNG,D2,106000.0
2036,BEV_S2_2032,2,Use,Electricity,D2,106000.0
2036,BEV_S2_2036,3,Use,Electricity,D2,106000.0
2036,BEV_S2_2032,2,Use,Electricity,D3,106000.0
2036,BEV_S2_2034,2,Use,Electricity,D3,106000.0
2036,BEV_S2_2033,1,Use,Electricity,D3,106000.0
2036,BEV_S2_2035,2,Use,Electricity,D3,106000.0
2036,LNG_S2_2029,1,Use,BioLNG,D3,106000.0
2036,BEV_S2_2036,3,Use,Electricity,D3,106000.0
2036,BEV_S2_2033,2,Use,Electricity,D4,106000.0
2036,BEV_S4_2033,1,Use,Electricity,D1,118000.0
2036,LNG_S4_2030,1,Use,BioLNG,D2,118000.0
2036,BEV_S4_2035,2,Use,Electricity,D2,118000.0
2036,LNG_S4_2027,1,Use,LNG,D2,118000.0
2036,BEV_S4_2033,1,Use,Electricity,D2,118000.0
2036,LNG_S4_2028,1,Use,BioLNG,D2,118000.0
2036,BEV_S4_2032,1,Use,Electricity,D2,118000.0
2036,LNG_S4_2031,1,Use,BioLNG,D2,118000.0
2036,BEV_S4_2036,2,Use,Electricity,D2,118000.0
2036,BEV_S4_2033,2,Use,Electricity,D3,118000.0
2036,BEV_S4_2033,1,Use,Electricity,D4,118000.0
2036,LNG_S3_2028,3,Use,LNG,D1,73000.0
2036,BEV_S3_2032,5,Use,Electricity,D1,73000.0
2036,LNG_S3_2029,3,Use,BioLNG,D1,73000.0
2036,BEV_S3_2035,7,Use,Electricity,D1,73000.0
2036,BEV_S3_2034,7,Use,Electricity,D1,73000.0
2036,LNG_S3_2031,2,Use,LNG,D1,73000.0
2036,LNG_S3_2030,2,Use,LNG,D1,73000.0
2036,BEV_S3_2033,2,Use,Electricity,D1,73000.0
2036,LNG_S3_2027,1,Use,BioLNG,D1,73000.0
2036,BEV_S3_2036,9,Use,Electricity,D1,73000.0
2036,BEV_S3_2034,7,Use,Electricity,D2,73000.0
2036,BEV_S3_2035,10,Use,Electricity,D2,73000.0
2036,BEV_S3_2032,5,Use,Electricity,D2,73000.0
2036,LNG_S3_2028,3,Use,LNG,D2,73000.0
2036,BEV_S3_2033,2,Use,Electricity,D2,73000.0
2036,LNG_S3_2027,2,Use,LNG,D2,73000.0
2036,LNG_S3_2031,5,Use,BioLNG,D2,73000.0
2036,LNG_S3_2030,2,Use,LNG,D2,73000.0
2036,BEV_S3_2036,9,Use,Electricity,D2,73000.0
2036,BEV_S3_2034,3,Use,Electricity,D3,73000.0
2036,LNG_S3_2028,2,Use,LNG,D3,73000.0
2036,LNG_S3_2029,1,Use,LNG,D3,73000.0
2036,BEV_S3_2033,1,Use,Electricity,D3,73000.0
2036,BEV_S3_2035,3,Use,Electricity,D3,73000.0
2036,LNG_S3_2027,1,Use,BioLNG,D3,73000.0
2036,BEV_S3_2032,2,Use,Electricity,D3,73000.0
2036,LNG_S3_2030,1,Use,LNG,D3,73000.0
2036,LNG_S3_2031,2,Use,LNG,D3,73000.0
2036,BEV_S3_2036,3,Use,Electricity,D3,73000.0
2036,BEV_S3_2033,3,Use,Electricity,D4,73000.0
2036,BEV_S3_2036,1,Use,Electricity,D4,73000.0
2036,LNG_S1_2027,2,Sell,,,0.0
2036,LNG_S2_2027,1,Sell,,,0.0
2036,LNG_S4_2027,1,Sell,,,0.0
2036,LNG_S3_2027,4,Sell,,,0.0
2036,BEV_S1_2036,5,Sell,,,0.0
2036,LNG_S1_2031,1,Sell,,,0.0
2036,BEV_S1_2033,5,Sell,,,0.0
2036,BEV_S1_2035,1,Sell,,,0.0
2036,BEV_S1_2034,1,Sell,,,0.0
2036,LNG_S1_2030,2,Sell,,,0.0
2036,LNG_S1_2029,1,Sell,,,0.0
2036,BEV_S1_2032,2,Sell,,,0.0
2036,LNG_S1_2028,1,Sell,,,0.0
2036,BEV_S2_2035,2,Sell,,,0.0
2036,BEV_S2_2036,2,Sell,,,0.0
2036,BEV_S2_2034,3,Sell,,,0.0
2036,BEV_S4_2035,1,Sell,,,0.0
2036,BEV_S3_2036,4,Sell,,,0.0
2036,LNG_S3_2028,1,Sell,,,0.0
2036,BEV_S3_2035,3,Sell,,,0.0
2036,BEV_S3_2032,4,Sell,,,0.0
2036,LNG_S3_2031,2,Sell,,,0.0
2036,LNG_S3_2030,2,Sell,,,0.0
2036,BEV_S3_2034,2,Sell,,,0.0
2036,BEV_S3_2033,1,Sell,,,0.0
2037,BEV_S1_2037,23,Buy,,,0.0
2037,BEV_S2_2037,9,Buy,,,0.0
2037,BEV_S4_2037,2,Buy,,,0.0
2037,BEV_S3_2037,26,Buy,,,0.0
2037,BEV_S1_2035,1,Use,Electricity,D1,102000.0
2037,LNG_S1_2030,1,Use,LNG,D1,102000.0
2037,BEV_S1_2036,3,Use,Electricity,D1,102000.0
2037,BEV_S1_2032,1,Use,Electricity,D1,102000.0
2037,LNG_S1_2031,1,Use,BioLNG,D1,102000.0
2037,BEV_S1_2034,1,Use,Electricity,D1,102000.0
2037,BEV_S1_2033,1,Use,Electricity,D1,102000.0
2037,LNG_S1_2029,1,Use,LNG,D1,102000.0
2037,BEV_S1_2037,2,Use,Electricity,D1,102000.0
2037,BEV_S1_2035,7,Use,Electricity,D2,102000.0
2037,LNG_S1_2031,2,Use,LNG,D2,102000.0
2037,LNG_S1_2029,2,Use,LNG,D2,102000.0
2037,LNG_S1_2030,2,Use,BioLNG,D2,102000.0
2037,BEV_S1_2032,1,Use,Electricity,D2,102000.0
2037,BEV_S1_2033,4,Use,Electricity,D2,102000.0
2037,BEV_S1_2036,8,Use,Electricity,D2,102000.0
2037,BEV_S1_2034,3,Use,Electricity,D2,102000.0
2037,LNG_S1_2028,1,Use,LNG,D2,102000.0
2037,BEV_S1_2037,9,Use,Electricity,D2,102000.0
2037,BEV_S1_2035,10,Use,Electricity,D3,102000.0
2037,BEV_S1_2034,6,Use,Electricity,D3,102000.0
2037,BEV_S1_2032,4,Use,Electricity,D3,102000.0
2037,LNG_S1_2031,3,Use,LNG,D3,102000.0
2037,BEV_S1_2036,9,Use,Electricity,D3,102000.0
2037,LNG_S1_2030,1,Use,LNG,D3,102000.0
2037,BEV_S1_2033,1,Use,Electricity,D3,102000.0
2037,LNG_S1_2028,1,Use,BioLNG,D3,102000.0
2037,LNG_S1_2029,1,Use,LNG,D3,102000.0
2037,BEV_S1_2037,10,Use,Electricity,D3,102000.0
2037,LNG_S1_2030,1,Use,LNG,D4,102000.0
2037,LNG_S1_2031,1,Use,BioLNG,D4,102000.0
2037,BEV_S1_2032,1,Use,Electricity,D4,102000.0
2037,BEV_S1_2035,1,Use,Electricity,D4,102000.0
2037,BEV_S1_2034,1,Use,Electricity,D4,102000.0
2037,BEV_S1_2037,2,Use,Electricity,D4,102000.0
2037,BEV_S2_2035,1,Use,Electricity,D1,106000.0
2037,BEV_S2_2034,3,Use,Electricity,D1,106000.0
2037,BEV_S2_2033,1,Use,Electricity,D1,106000.0
2037,BEV_S2_2036,3,Use,Electricity,D1,106000.0
2037,BEV_S2_2032,2,Use,Electricity,D1,106000.0
2037,LNG_S2_2030,1,Use,BioLNG,D1,106000.0
2037,BEV_S2_2037,3,Use,Electricity,D1,106000.0
2037,BEV_S2_2035,4,Use,Electricity,D2,106000.0
2037,BEV_S2_2034,2,Use,Electricity,D2,106000.0
2037,BEV_S2_2036,2,Use,Electricity,D2,106000.0
2037,BEV_S2_2032,2,Use,Electricity,D2,106000.0
2037,LNG_S2_2030,3,Use,LNG,D2,106000.0
2037,BEV_S2_2033,2,Use,Electricity,D2,106000.0
2037,LNG_S2_2031,1,Use,BioLNG,D2,106000.0
2037,BEV_S2_2037,4,Use,Electricity,D2,106000.0
2037,BEV_S2_2032,2,Use,Electricity,D3,106000.0
2037,BEV_S2_2035,1,Use,Electricity,D3,106000.0
2037,BEV_S2_2036,3,Use,Electricity,D3,106000.0
2037,BEV_S2_2034,1,Use,Electricity,D3,106000.0
2037,BEV_S2_2033,1,Use,Electricity,D3,106000.0
2037,LNG_S2_2029,1,Use,LNG,D3,106000.0
2037,BEV_S2_2037,2,Use,Electricity,D3,106000.0
2037,BEV_S2_2033,2,Use,Electricity,D4,106000.0
2037,BEV_S4_2033,1,Use,Electricity,D1,118000.0
2037,LNG_S4_2031,1,Use,LNG,D2,118000.0
2037,LNG_S4_2028,1,Use,BioLNG,D2,118000.0
2037,BEV_S4_2036,2,Use,Electricity,D2,118000.0
2037,LNG_S4_2030,1,Use,BioLNG,D2,118000.0
2037,BEV_S4_2033,1,Use,Electricity,D2,118000.0
2037,BEV_S4_2032,1,Use,Electricity,D2,118000.0
2037,BEV_S4_2035,1,Use,Electricity,D2,118000.0
2037,BEV_S4_2037,2,Use,Electricity,D2,118000.0
2037,BEV_S4_2033,2,Use,Electricity,D3,118000.0
2037,BEV_S4_2033,1,Use,Electricity,D4,118000.0
2037,LNG_S3_2028,2,Use,BioLNG,D1,73000.0
2037,BEV_S3_2035,6,Use,Electricity,D1,73000.0
2037,BEV_S3_2032,2,Use,Electricity,D1,73000.0
2037,BEV_S3_2033,2,Use,Electricity,D1,73000.0
2037,LNG_S3_2029,3,Use,LNG,D1,73000.0
2037,BEV_S3_2036,8,Use,Electricity,D1,73000.0
2037,BEV_S3_2034,7,Use,Electricity,D1,73000.0
2037,LNG_S3_2031,1,Use,LNG,D1,73000.0
2037,LNG_S3_2030,1,Use,LNG,D1,73000.0
2037,BEV_S3_2037,11,Use,Electricity,D1,73000.0
2037,BEV_S3_2035,8,Use,Electricity,D2,73000.0
2037,LNG_S3_2031,5,Use,BioLNG,D2,73000.0
2037,BEV_S3_2036,7,Use,Electricity,D2,73000.0
2037,BEV_S3_2034,5,Use,Electricity,D2,73000.0
2037,BEV_S3_2032,5,Use,Electricity,D2,73000.0
2037,LNG_S3_2030,1,Use,LNG,D2,73000.0
2037,LNG_S3_2028,3,Use,BioLNG,D2,73000.0
2037,BEV_S3_2033,1,Use,Electricity,D2,73000.0
2037,BEV_S3_2037,10,Use,Electricity,D2,73000.0
2037,BEV_S3_2032,1,Use,Electricity,D3,73000.0
2037,BEV_S3_2036,2,Use,Electricity,D3,73000.0
2037,LNG_S3_2030,1,Use,LNG,D3,73000.0
2037,BEV_S3_2033,1,Use,Electricity,D3,73000.0
2037,LNG_S3_2028,2,Use,BioLNG,D3,73000.0
2037,BEV_S3_2034,3,Use,Electricity,D3,73000.0
2037,BEV_S3_2035,3,Use,Electricity,D3,73000.0
2037,LNG_S3_2029,1,Use,LNG,D3,73000.0
2037,LNG_S3_2031,1,Use,BioLNG,D3,73000.0
2037,BEV_S3_2037,4,Use,Electricity,D3,73000.0
2037,BEV_S3_2033,3,Use,Electricity,D4,73000.0
2037,BEV_S3_2036,1,Use,Electricity,D4,73000.0
2037,BEV_S3_2037,1,Use,Electricity,D4,73000.0
2037,LNG_S1_2028,2,Sell,,,0.0
2037,LNG_S4_2028,1,Sell,,,0.0
2037,LNG_S3_2028,7,Sell,,,0.0
2037,BEV_S1_2037,4,Sell,,,0.0
2037,BEV_S1_2036,6,Sell,,,0.0
2037,BEV_S1_2035,3,Sell,,,0.0
2037,LNG_S1_2029,1,Sell,,,0.0
2037,BEV_S1_2032,2,Sell,,,0.0
2037,BEV_S1_2033,1,Sell,,,0.0
2037,BEV_S1_2034,1,Sell,,,0.0
2037,LNG_S1_2031,1,Sell,,,0.0
2037,BEV_S2_2036,3,Sell,,,0.0
2037,BEV_S2_2037,2,Sell,,,0.0
2037,BEV_S2_2033,1,Sell,,,0.0
2037,LNG_S2_2030,1,Sell,,,0.0
2037,BEV_S2_2034,1,Sell,,,0.0
2037,LNG_S4_2031,1,Sell,,,0.0
2037,BEV_S3_2036,3,Sell,,,0.0
2037,BEV_S3_2033,2,Sell,,,0.0
2037,BEV_S3_2037,4,Sell,,,0.0
2037,LNG_S3_2029,1,Sell,,,0.0
2037,BEV_S3_2035,2,Sell,,,0.0
2037,BEV_S3_2034,1,Sell,,,0.0
2037,LNG_S3_2031,1,Sell,,,0.0
2037,LNG_S3_2030,1,Sell,,,0.0
2037,BEV_S3_2032,1,Sell,,,0.0
2038,BEV_S1_2038,25,Buy,,,0.0
2038,BEV_S2_2038,10,Buy,,,0.0
2038,BEV_S4_2038,2,Buy,,,0.0
2038,BEV_S3_2038,27,Buy,,,0.0
2038,BEV_S1_2036,2,Use,Electricity,D1,102000.0
2038,BEV_S1_2033,1,Use,Electricity,D1,102000.0
2038,BEV_S1_2037,1,Use,Electricity,D1,102000.0
2038,BEV_S1_2032,1,Use,Electricity,D1,102000.0
2038,BEV_S1_2035,1,Use,Electricity,D1,102000.0
2038,LNG_S1_2029,1,Use,LNG,D1,102000.0
2038,BEV_S1_2034,1,Use,Electricity,D1,102000.0
2038,LNG_S1_2031,1,Use,BioLNG,D1,102000.0
2038,LNG_S1_2030,1,Use,BioLNG,D1,102000.0
2038,BEV_S1_2038,3,Use,Electricity,D1,102000.0
2038,LNG_S1_2030,2,Use,LNG,D2,102000.0
2038,BEV_S1_2037,8,Use,Electricity,D2,102000.0
2038,BEV_S1_2033,4,Use,Electricity,D2,102000.0
2038,BEV_S1_2036,6,Use,Electricity,D2,102000.0
2038,LNG_S1_2029,1,Use,LNG,D2,102000.0
2038,LNG_S1_2031,2,Use,BioLNG,D2,102000.0
2038,BEV_S1_2035,4,Use,Electricity,D2,102000.0
2038,BEV_S1_2034,3,Use,Electricity,D2,102000.0
2038,BEV_S1_2032,1,Use,Electricity,D2,102000.0
2038,BEV_S1_2038,9,Use,Electricity,D2,102000.0
2038,LNG_S1_2031,3,Use,LNG,D3,102000.0
2038,BEV_S1_2036,6,Use,Electricity,D3,102000.0
2038,BEV_S1_2035,10,Use,Electricity,D3,102000.0
2038,BEV_S1_2037,8,Use,Electricity,D3,102000.0
2038,LNG_S1_2029,1,Use,LNG,D3,102000.0
2038,BEV_S1_2034,5,Use,Electricity,D3,102000.0
2038,BEV_S1_2032,2,Use,Electricity,D3,102000.0
2038,LNG_S1_2030,1,Use,BioLNG,D3,102000.0
2038,BEV_S1_2038,12,Use,Electricity,D3,102000.0
2038,BEV_S1_2035,1,Use,Electricity,D4,102000.0
2038,BEV_S1_2032,1,Use,Electricity,D4,102000.0
2038,BEV_S1_2037,2,Use,Electricity,D4,102000.0
2038,LNG_S1_2030,1,Use,BioLNG,D4,102000.0
2038,BEV_S1_2034,1,Use,Electricity,D4,102000.0
2038,BEV_S1_2038,1,Use,Electricity,D4,102000.0
2038,LNG_S2_2030,1,Use,BioLNG,D1,106000.0
2038,BEV_S2_2034,3,Use,Electricity,D1,106000.0
2038,BEV_S2_2032,2,Use,Electricity,D1,106000.0
2038,BEV_S2_2037,2,Use,Electricity,D1,106000.0
2038,BEV_S2_2036,2,Use,Electricity,D1,106000.0
2038,BEV_S2_2033,1,Use,Electricity,D1,106000.0
2038,BEV_S2_2035,1,Use,Electricity,D1,106000.0
2038,BEV_S2_2038,2,Use,Electricity,D1,106000.0
2038,LNG_S2_2031,1,Use,LNG,D2,106000.0
2038,BEV_S2_2032,2,Use,Electricity,D2,106000.0
2038,BEV_S2_2037,3,Use,Electricity,D2,106000.0
2038,BEV_S2_2036,1,Use,Electricity,D2,106000.0
2038,LNG_S2_2030,2,Use,LNG,D2,106000.0
2038,BEV_S2_2035,4,Use,Electricity,D2,106000.0
2038,BEV_S2_2033,1,Use,Electricity,D2,106000.0
2038,BEV_S2_2034,2,Use,Electricity,D2,106000.0
2038,BEV_S2_2038,5,Use,Electricity,D2,106000.0
2038,BEV_S2_2033,1,Use,Electricity,D3,106000.0
2038,BEV_S2_2037,2,Use,Electricity,D3,106000.0
2038,BEV_S2_2035,1,Use,Electricity,D3,106000.0
2038,BEV_S2_2036,2,Use,Electricity,D3,106000.0
2038,BEV_S2_2032,2,Use,Electricity,D3,106000.0
2038,LNG_S2_2029,1,Use,BioLNG,D3,106000.0
2038,BEV_S2_2038,3,Use,Electricity,D3,106000.0
2038,BEV_S2_2033,2,Use,Electricity,D4,106000.0
2038,BEV_S4_2033,1,Use,Electricity,D1,118000.0
2038,BEV_S4_2035,1,Use,Electricity,D2,118000.0
2038,BEV_S4_2036,2,Use,Electricity,D2,118000.0
2038,BEV_S4_2037,2,Use,Electricity,D2,118000.0
2038,BEV_S4_2032,1,Use,Electricity,D2,118000.0
2038,BEV_S4_2033,1,Use,Electricity,D2,118000.0
2038,LNG_S4_2030,1,Use,BioLNG,D2,118000.0
2038,BEV_S4_2038,2,Use,Electricity,D2,118000.0
2038,BEV_S4_2033,2,Use,Electricity,D3,118000.0
2038,BEV_S4_2033,1,Use,Electricity,D4,118000.0
2038,BEV_S3_2036,6,Use,Electricity,D1,73000.0
2038,BEV_S3_2032,2,Use,Electricity,D1,73000.0
2038,BEV_S3_2033,1,Use,Electricity,D1,73000.0
2038,BEV_S3_2037,9,Use,Electricity,D1,73000.0
2038,BEV_S3_2034,6,Use,Electricity,D1,73000.0
2038,BEV_S3_2035,5,Use,Electricity,D1,73000.0
2038,LNG_S3_2029,2,Use,BioLNG,D1,73000.0
2038,LNG_S3_2030,1,Use,BioLNG,D1,73000.0
2038,LNG_S3_2031,1,Use,LNG,D1,73000.0
2038,BEV_S3_2038,12,Use,Electricity,D1,73000.0
2038,BEV_S3_2037,8,Use,Electricity,D2,73000.0
2038,LNG_S3_2031,4,Use,LNG,D2,73000.0
2038,BEV_S3_2034,5,Use,Electricity,D2,73000.0
2038,BEV_S3_2035,7,Use,Electricity,D2,73000.0
2038,BEV_S3_2032,4,Use,Electricity,D2,73000.0
2038,BEV_S3_2036,6,Use,Electricity,D2,73000.0
2038,BEV_S3_2038,12,Use,Electricity,D2,73000.0
2038,LNG_S3_2029,1,Use,LNG,D3,73000.0
2038,LNG_S3_2030,1,Use,LNG,D3,73000.0
2038,LNG_S3_2031,1,Use,LNG,D3,73000.0
2038,BEV_S3_2032,1,Use,Electricity,D3,73000.0
2038,BEV_S3_2033,1,Use,Electricity,D3,73000.0
2038,BEV_S3_2034,3,Use,Electricity,D3,73000.0
2038,BEV_S3_2035,3,Use,Electricity,D3,73000.0
2038,BEV_S3_2036,2,Use,Electricity,D3,73000.0
2038,BEV_S3_2037,4,Use,Electricity,D3,73000.0
2038,BEV_S3_2038,3,Use,Electricity,D3,73000.0
2038,BEV_S3_2033,3,Use,Electricity,D4,73000.0
2038,BEV_S3_2036,1,Use,Electricity,D4,73000.0
2038,BEV_S3_2037,1,Use,Electricity,D4,73000.0
